sample_id,scenario,true_beam,pred_beam,correct1,correct3,dba,top1_conf,top2_conf,margin_12,margin_15,entropy,top5_mass,pred_beam_norm,avail_image,avail_lidar,avail_radar,avail_beam,avail_gps,avail_count,gps_step,gps_step_x,gps_step_y,gps_at_boundary,gps_radius,img_sharpness,img_sharpness_coarse,img_hf_ratio,img_dark_frac,img_temporal_change,lidar_points,lidar_occupancy,lidar_mean_count,lidar_temporal_change,radar_peak,radar_mean,radar_peak_to_mean,radar_energy_frac_top1pct,exp_correct1,exp_correct3,exp_dba,label_escalate,gain_dba
development/scenario34/3023,scenario34,42,42,1,1,1.0,0.09829860925674438,0.09648796916007996,0.0018106400966644287,0.05279006063938141,3.65600323677063,0.38191232085227966,0.6666666666666666,0.0,0.0,0.0,0.0,1.0,1.0,0.009831304661929607,0.0015526413917541504,0.009707927703857422,0.0,0.48558154702186584,0.0,0.0,0.0,0.0,0.0,0.0,0.0,0.0,0.0,0.0,0.0,0.0,0.0,0,1,0.9333333333333332,0,-0.06666666666666676
development/scenario34/204,scenario34,36,36,1,1,1.0,0.15140818059444427,0.1273036152124405,0.024104565382003784,0.08342090994119644,3.1590092182159424,0.5525387525558472,0.5714285714285714,0.0,0.0,0.0,0.0,1.0,1.0,0.0037830278743058443,0.003739297389984131,0.0005735456943511963,0.0,0.5912519693374634,0.0,0.0,0.0,0.0,0.0,0.0,0.0,0.0,0.0,0.0,0.0,0.0,0.0,1,1,1.0,0,0.0
development/scenario34/5030,scenario34,40,41,0,1,0.8666666666666667,0.05493123084306717,0.0507771298289299,0.004154101014137268,0.010485325008630753,3.7870450019836426,0.24554617702960968,0.6507936507936508,0.0,0.0,0.0,0.0,1.0,1.0,0.00895002856850624,0.007181122899055481,0.005341768264770508,0.0,0.563457190990448,0.0,0.0,0.0,0.0,0.0,0.0,0.0,0.0,0.0,0.0,0.0,0.0,0.0,0,1,0.9333333333333332,0,0.06666666666666654
development/scenario32/995,scenario32,14,21,0,0,0.0,0.11203450709581375,0.08826155215501785,0.0237729549407959,0.07322269678115845,3.6579205989837646,0.3712201714515686,0.3333333333333333,0.0,0.0,0.0,0.0,1.0,1.0,0.007845121435821056,0.004549354314804077,0.006391346454620361,0.0,1.0015705823898315,0.0,0.0,0.0,0.0,0.0,0.0,0.0,0.0,0.0,0.0,0.0,0.0,0.0,0,1,0.8666666666666667,0,0.8666666666666667
development/scenario32/2295,scenario32,16,16,1,1,1.0,0.18998219072818756,0.14749707281589508,0.04248511791229248,0.15014536678791046,3.2895655632019043,0.541337788105011,0.25396825396825395,0.0,0.0,0.0,0.0,1.0,1.0,0.006453255657106638,0.00634390115737915,0.0011829733848571777,0.0,1.057854413986206,0.0,0.0,0.0,0.0,0.0,0.0,0.0,0.0,0.0,0.0,0.0,0.0,0.0,1,1,1.0,0,0.0
development/scenario33/900,scenario33,21,21,1,1,1.0,0.11991411447525024,0.08582852780818939,0.03408558666706085,0.07779669016599655,3.6535234451293945,0.37873780727386475,0.3333333333333333,0.0,0.0,0.0,0.0,1.0,1.0,0.004037684760987759,0.0039848387241363525,0.0006511211395263672,0.0,1.0069286823272705,0.0,0.0,0.0,0.0,0.0,0.0,0.0,0.0,0.0,0.0,0.0,0.0,0.0,1,1,1.0,0,0.0
development/scenario34/3027,scenario34,43,43,1,1,1.0,0.09628240019083023,0.09474174678325653,0.0015406534075737,0.04894247278571129,3.666764259338379,0.3772415518760681,0.6825396825396826,0.0,0.0,0.0,0.0,1.0,1.0,0.00990496575832367,0.0013631582260131836,0.009810715913772583,0.0,0.4815973937511444,0.0,0.0,0.0,0.0,0.0,0.0,0.0,0.0,0.0,0.0,0.0,0.0,0.0,1,1,1.0,0,0.0
development/scenario32/2299,scenario32,16,16,1,1,1.0,0.18998932838439941,0.1474784016609192,0.042510926723480225,0.15013843774795532,3.289536476135254,0.5413535833358765,0.25396825396825395,0.0,0.0,0.0,0.0,1.0,1.0,0.0064694383181631565,0.006345152854919434,0.0012620091438293457,0.0,1.0578398704528809,0.0,0.0,0.0,0.0,0.0,0.0,0.0,0.0,0.0,0.0,0.0,0.0,0.0,1,1,1.0,0,0.0
development/scenario32/1562,scenario32,2,5,0,0,0.4000000000000001,0.054111361503601074,0.05081012099981308,0.0033012405037879944,0.011523012071847916,3.913928270339966,0.23601692914962769,0.07936507936507936,0.0,0.0,0.0,0.0,1.0,1.0,0.018741190433502197,0.01873856782913208,0.0003135204315185547,0.0,1.0483916997909546,0.0,0.0,0.0,0.0,0.0,0.0,0.0,0.0,0.0,0.0,0.0,0.0,0.0,0,0,0.6666666666666666,0,0.26666666666666655
development/scenario34/905,scenario34,43,42,0,1,0.9333333333333332,0.10316724330186844,0.09495975077152252,0.008207492530345917,0.06110725179314613,3.648505687713623,0.3829790949821472,0.6666666666666666,0.0,0.0,0.0,0.0,1.0,1.0,0.01145723182708025,0.0012856125831604004,0.01138487458229065,0.0,0.5034085512161255,0.0,0.0,0.0,0.0,0.0,0.0,0.0,0.0,0.0,0.0,0.0,0.0,0.0,1,1,1.0,1,0.06666666666666676
development/scenario33/4287,scenario33,21,21,1,1,1.0,0.12976475059986115,0.09971983730792999,0.030044913291931152,0.07398877292871475,3.4822306632995605,0.4432810842990875,0.3333333333333333,0.0,0.0,0.0,0.0,1.0,1.0,0.004586108960211277,0.003481537103652954,0.0029851794242858887,0.0,0.9717243313789368,0.0,0.0,0.0,0.0,0.0,0.0,0.0,0.0,0.0,0.0,0.0,0.0,0.0,1,1,1.0,0,0.0
development/scenario32/1915,scenario32,16,16,1,1,1.0,0.19067980349063873,0.14625053107738495,0.044429272413253784,0.14951682090759277,3.2862234115600586,0.5430657863616943,0.25396825396825395,0.0,0.0,0.0,0.0,1.0,1.0,0.006390801630914211,0.006265699863433838,0.0012583136558532715,0.0,1.0566370487213135,0.0,0.0,0.0,0.0,0.0,0.0,0.0,0.0,0.0,0.0,0.0,0.0,0.0,1,1,1.0,0,0.0
development/scenario33/873,scenario33,21,21,1,1,1.0,0.1242029145359993,0.08582320064306259,0.03837971389293671,0.07988716661930084,3.638772964477539,0.3873108923435211,0.3333333333333333,0.0,0.0,0.0,0.0,1.0,1.0,0.004242684692144394,0.004007518291473389,0.0013929009437561035,0.0,1.0049675703048706,0.0,0.0,0.0,0.0,0.0,0.0,0.0,0.0,0.0,0.0,0.0,0.0,0.0,1,1,1.0,0,0.0
development/scenario34/1133,scenario34,9,9,1,1,1.0,0.13256725668907166,0.11548136919736862,0.017085887491703033,0.06508450955152512,3.393498420715332,0.5006306171417236,0.14285714285714285,0.0,0.0,0.0,0.0,1.0,1.0,0.007088515441864729,0.005971074104309082,0.0038201212882995605,0.0,0.9753420948982239,0.0,0.0,0.0,0.0,0.0,0.0,0.0,0.0,0.0,0.0,0.0,0.0,0.0,1,1,1.0,0,0.0
development/scenario34/4287,scenario34,42,41,0,1,0.8666666666666667,0.12240464985370636,0.10136967897415161,0.02103497087955475,0.06663690507411957,3.5004820823669434,0.44698458909988403,0.6507936507936508,0.0,0.0,0.0,0.0,1.0,1.0,0.01251634769141674,0.0017250478267669678,0.012396901845932007,0.0,0.549781084060669,0.0,0.0,0.0,0.0,0.0,0.0,0.0,0.0,0.0,0.0,0.0,0.0,0.0,0,1,0.9333333333333332,0,0.06666666666666654
development/scenario32/2856,scenario32,13,15,0,0,0.6666666666666666,0.1160333901643753,0.10992918163537979,0.006104208528995514,0.05772962048649788,3.5637621879577637,0.4278833866119385,0.23809523809523808,0.0,0.0,0.0,0.0,1.0,1.0,0.005213131196796894,0.005169987678527832,0.0006693005561828613,0.0,1.0704123973846436,0.0,0.0,0.0,0.0,0.0,0.0,0.0,0.0,0.0,0.0,0.0,0.0,0.0,0,1,0.7999999999999999,0,0.1333333333333333
development/scenario33/3959,scenario33,11,12,0,1,0.9333333333333332,0.06500618159770966,0.06057404726743698,0.0044321343302726746,0.014813609421253204,3.7399520874023438,0.29020974040031433,0.19047619047619047,0.0,0.0,0.0,0.0,1.0,1.0,0.005423262715339661,0.005251094698905945,0.0013556480407714844,0.0,0.9962629079818726,0.0,0.0,0.0,0.0,0.0,0.0,0.0,0.0,0.0,0.0,0.0,0.0,0.0,0,1,0.9333333333333332,0,0.0
development/scenario33/390,scenario33,20,21,0,1,0.9333333333333332,0.10284393280744553,0.08542433381080627,0.01741959899663925,0.06393478810787201,3.6964406967163086,0.35205355286598206,0.3333333333333333,0.0,0.0,0.0,0.0,1.0,1.0,0.003979553934186697,0.00397905707359314,6.288290023803711e-05,0.0,1.0105128288269043,0.0,0.0,0.0,0.0,0.0,0.0,0.0,0.0,0.0,0.0,0.0,0.0,0.0,0,1,0.9333333333333332,0,0.0
development/scenario33/4050,scenario33,19,19,1,1,1.0,0.1769658923149109,0.138400137424469,0.038565754890441895,0.12300562858581543,3.2182633876800537,0.5480971932411194,0.30158730158730157,0.0,0.0,0.0,0.0,1.0,1.0,0.0021941957529634237,0.0016454458236694336,0.0014515519142150879,0.0,0.9621607065200806,0.0,0.0,0.0,0.0,0.0,0.0,0.0,0.0,0.0,0.0,0.0,0.0,0.0,1,1,1.0,0,0.0
development/scenario33/3407,scenario33,15,20,0,0,0.1333333333333333,0.07474906742572784,0.06842407584190369,0.006324991583824158,0.03587832674384117,3.769223928451538,0.2945280373096466,0.31746031746031744,0.0,0.0,0.0,0.0,1.0,1.0,0.004205344710499048,0.004141420125961304,0.0007304549217224121,0.0,1.0248656272888184,0.0,0.0,0.0,0.0,0.0,0.0,0.0,0.0,0.0,0.0,0.0,0.0,0.0,0,0,0.1333333333333333,0,0.0
development/scenario32/237,scenario32,16,16,1,1,1.0,0.2011236995458603,0.14024847745895386,0.06087522208690643,0.1473858654499054,3.2311785221099854,0.565834105014801,0.25396825396825395,0.0,0.0,0.0,0.0,1.0,1.0,0.006284811533987522,0.006280004978179932,0.00024574995040893555,0.0,1.0502835512161255,0.0,0.0,0.0,0.0,0.0,0.0,0.0,0.0,0.0,0.0,0.0,0.0,0.0,1,1,1.0,0,0.0
development/scenario33/3604,scenario33,21,20,0,1,0.9333333333333332,0.10776946693658829,0.10716206580400467,0.0006074011325836182,0.04225480556488037,3.4957728385925293,0.4452740252017975,0.31746031746031744,0.0,0.0,0.0,0.0,1.0,1.0,0.00803564116358757,0.0034087002277374268,0.0072768330574035645,0.0,0.9706938862800598,0.0,0.0,0.0,0.0,0.0,0.0,0.0,0.0,0.0,0.0,0.0,0.0,0.0,1,1,1.0,1,0.06666666666666676
development/scenario33/2519,scenario33,15,10,0,0,0.19999999999999998,0.05339359492063522,0.05232641473412514,0.001067180186510086,0.009805500507354736,3.8504674434661865,0.24864566326141357,0.15873015873015872,0.0,0.0,0.0,0.0,1.0,1.0,0.008420306257903576,0.008393943309783936,0.0006657838821411133,0.0,1.0330015420913696,0.0,0.0,0.0,0.0,0.0,0.0,0.0,0.0,0.0,0.0,0.0,0.0,0.0,0,0,0.5333333333333333,0,0.33333333333333337
development/scenario33/3499,scenario33,9,5,0,0,0.3333333333333333,0.06293471157550812,0.0570298433303833,0.005904868245124817,0.01575479656457901,3.8019285202026367,0.2718081772327423,0.07936507936507936,0.0,0.0,0.0,0.0,1.0,1.0,0.02078506164252758,0.020784810185432434,0.0001023411750793457,0.0,1.0033683776855469,0.0,0.0,0.0,0.0,0.0,0.0,0.0,0.0,0.0,0.0,0.0,0.0,0.0,0,0,0.26666666666666666,0,-0.06666666666666665
development/scenario33/3457,scenario33,16,15,0,0,0.8000000000000002,0.05556829646229744,0.054987844079732895,0.0005804523825645447,0.003958467394113541,3.7913899421691895,0.26926854252815247,0.23809523809523808,0.0,0.0,0.0,0.0,1.0,1.0,0.00448807654902339,0.003702133893966675,0.0025371313095092773,0.0,1.0500701665878296,0.0,0.0,0.0,0.0,0.0,0.0,0.0,0.0,0.0,0.0,0.0,0.0,0.0,0,1,0.9333333333333332,0,0.13333333333333308
development/scenario33/4105,scenario33,19,19,1,1,1.0,0.17715997993946075,0.13865241408348083,0.03850756585597992,0.1233915388584137,3.217285633087158,0.5483680367469788,0.30158730158730157,0.0,0.0,0.0,0.0,1.0,1.0,0.0022468494717031717,0.001709967851638794,0.001457512378692627,0.0,0.9621231555938721,0.0,0.0,0.0,0.0,0.0,0.0,0.0,0.0,0.0,0.0,0.0,0.0,0.0,1,1,1.0,0,0.0
development/scenario34/1213,scenario34,25,25,1,1,1.0,0.058233510702848434,0.053011681884527206,0.005221828818321228,0.00805705413222313,3.615325927734375,0.2651818096637726,0.3968253968253968,0.0,0.0,0.0,0.0,1.0,1.0,0.008595680817961693,0.004797071218490601,0.007132589817047119,0.0,0.7168784737586975,0.0,0.0,0.0,0.0,0.0,0.0,0.0,0.0,0.0,0.0,0.0,0.0,0.0,1,1,1.0,0,0.0
development/scenario32/1893,scenario32,16,16,1,1,1.0,0.19052110612392426,0.14633575081825256,0.04418535530567169,0.14951369166374207,3.2869205474853516,0.5427430868148804,0.25396825396825395,0.0,0.0,0.0,0.0,1.0,1.0,0.006382572930306196,0.006257593631744385,0.0012568831443786621,0.0,1.056747555732727,0.0,0.0,0.0,0.0,0.0,0.0,0.0,0.0,0.0,0.0,0.0,0.0,0.0,1,1,1.0,0,0.0
development/scenario33/2647,scenario33,18,19,0,1,0.9333333333333332,0.15047359466552734,0.1372164636850357,0.013257130980491638,0.08907385170459747,3.301818609237671,0.5150344371795654,0.30158730158730157,0.0,0.0,0.0,0.0,1.0,1.0,0.007120013236999512,0.0030920207500457764,0.006413578987121582,0.0,0.9813627600669861,0.0,0.0,0.0,0.0,0.0,0.0,0.0,0.0,0.0,0.0,0.0,0.0,0.0,0,1,0.9333333333333332,0,0.0
development/scenario33/1709,scenario33,58,54,0,1,0.7333333333333334,0.036822609603405,0.03452576324343681,0.0022968463599681854,0.004726693034172058,3.9785492420196533,0.16952943801879883,0.8571428571428571,0.0,0.0,0.0,0.0,1.0,1.0,0.009174186736345291,0.0014250874519348145,0.00906282663345337,0.0,0.7596310973167419,0.0,0.0,0.0,0.0,0.0,0.0,0.0,0.0,0.0,0.0,0.0,0.0,0.0,1,1,1.0,1,0.2666666666666666
development/scenario34/3832,scenario34,10,9,0,1,0.8666666666666667,0.1456291675567627,0.11774931102991104,0.027879856526851654,0.08974593877792358,3.361150026321411,0.5080280303955078,0.14285714285714285,0.0,0.0,0.0,0.0,1.0,1.0,0.005226129665970802,0.004097580909729004,0.0032438039779663086,0.0,0.9608074426651001,0.0,0.0,0.0,0.0,0.0,0.0,0.0,0.0,0.0,0.0,0.0,0.0,0.0,0,1,0.9333333333333332,0,0.06666666666666654
development/scenario33/134,scenario33,19,19,1,1,1.0,0.1679631769657135,0.16028496623039246,0.007678210735321045,0.10427504777908325,3.170095205307007,0.5654478073120117,0.30158730158730157,0.0,0.0,0.0,0.0,1.0,1.0,0.007665658835321665,0.002476334571838379,0.007254660129547119,0.0,0.9583635926246643,0.0,0.0,0.0,0.0,0.0,0.0,0.0,0.0,0.0,0.0,0.0,0.0,0.0,0,1,0.9333333333333332,0,-0.06666666666666676
development/scenario32/3427,scenario32,16,16,1,1,1.0,0.1963726431131363,0.13888035714626312,0.05749228596687317,0.14401376247406006,3.252094268798828,0.5579702258110046,0.25396825396825395,0.0,0.0,0.0,0.0,1.0,1.0,0.006190821528434753,0.006073355674743652,0.001200258731842041,0.0,1.0505884885787964,0.0,0.0,0.0,0.0,0.0,0.0,0.0,0.0,0.0,0.0,0.0,0.0,0.0,1,1,1.0,0,0.0
development/scenario34/4993,scenario34,58,44,0,0,0.0,0.050489239394664764,0.050445858389139175,4.338100552558899e-05,0.002434477210044861,3.737016439437866,0.2474038153886795,0.6984126984126984,0.0,0.0,0.0,0.0,1.0,1.0,0.02401152439415455,0.0236814022064209,0.003967940807342529,0.0,0.5727316737174988,0.0,0.0,0.0,0.0,0.0,0.0,0.0,0.0,0.0,0.0,0.0,0.0,0.0,1,1,1.0,1,1.0
development/scenario34/2768,scenario34,53,53,1,1,1.0,0.09520326554775238,0.07692088931798935,0.01828237622976303,0.03541143611073494,3.5787737369537354,0.369454562664032,0.8412698412698413,0.0,0.0,0.0,0.0,1.0,1.0,0.0076524000614881516,0.00617363303899765,0.004521667957305908,0.0,0.5435896515846252,0.0,0.0,0.0,0.0,0.0,0.0,0.0,0.0,0.0,0.0,0.0,0.0,0.0,1,1,1.0,0,0.0
development/scenario33/3382,scenario33,16,21,0,0,0.19999999999999998,0.08381091803312302,0.08172901719808578,0.0020819008350372314,0.04039081558585167,3.7398741245269775,0.3252054452896118,0.3333333333333333,0.0,0.0,0.0,0.0,1.0,1.0,0.004208659753203392,0.0041006505489349365,0.0009473562240600586,0.0,1.0191797018051147,0.0,0.0,0.0,0.0,0.0,0.0,0.0,0.0,0.0,0.0,0.0,0.0,0.0,0,0,0.3333333333333333,0,0.13333333333333333
development/scenario33/4291,scenario33,21,21,1,1,1.0,0.13388699293136597,0.0993906706571579,0.03449632227420807,0.07947589457035065,3.5013890266418457,0.4413510262966156,0.3333333333333333,0.0,0.0,0.0,0.0,1.0,1.0,0.004081195220351219,0.0036253035068511963,0.001874387264251709,0.0,0.9785555005073547,0.0,0.0,0.0,0.0,0.0,0.0,0.0,0.0,0.0,0.0,0.0,0.0,0.0,1,1,1.0,0,0.0
development/scenario32/95,scenario32,21,22,0,1,0.9333333333333332,0.09500109404325485,0.093944251537323,0.0010568425059318542,0.01896725594997406,3.421687364578247,0.4354763329029083,0.3492063492063492,0.0,0.0,0.0,0.0,1.0,1.0,0.009317689575254917,0.004349827766418457,0.008240044116973877,0.0,0.947819173336029,0.0,0.0,0.0,0.0,0.0,0.0,0.0,0.0,0.0,0.0,0.0,0.0,0.0,1,1,1.0,1,0.06666666666666676
development/scenario33/1550,scenario33,10,5,0,0,0.3333333333333333,0.058380741626024246,0.05413112789392471,0.004249613732099533,0.010187126696109772,3.781362771987915,0.26774001121520996,0.07936507936507936,0.0,0.0,0.0,0.0,1.0,1.0,0.0036766473203897476,0.003611266613006592,0.0006902813911437988,0.0,0.9842666983604431,0.0,0.0,0.0,0.0,0.0,0.0,0.0,0.0,0.0,0.0,0.0,0.0,0.0,0,1,0.9333333333333332,0,0.5999999999999999
development/scenario32/2873,scenario32,9,12,0,0,0.4666666666666666,0.06235472485423088,0.06105503439903259,0.001299690455198288,0.012074209749698639,3.7849924564361572,0.2818213999271393,0.19047619047619047,0.0,0.0,0.0,0.0,1.0,1.0,0.0029227084014564753,0.0028944015502929688,0.0004057884216308594,0.0,1.0758328437805176,0.0,0.0,0.0,0.0,0.0,0.0,0.0,0.0,0.0,0.0,0.0,0.0,0.0,0,0,0.4666666666666666,0,0.0
development/scenario33/3777,scenario33,21,21,1,1,1.0,0.13630184531211853,0.09693086892366409,0.03937097638845444,0.08882158994674683,3.5623836517333984,0.422586053609848,0.3333333333333333,0.0,0.0,0.0,0.0,1.0,1.0,0.0041892738081514835,0.003912866115570068,0.0014964938163757324,0.0,0.9918487071990967,0.0,0.0,0.0,0.0,0.0,0.0,0.0,0.0,0.0,0.0,0.0,0.0,0.0,1,1,1.0,0,0.0
development/scenario32/3362,scenario32,18,19,0,1,0.9333333333333332,0.1486240029335022,0.12488778680562973,0.023736216127872467,0.08437605947256088,3.3107125759124756,0.5156382322311401,0.30158730158730157,0.0,0.0,0.0,0.0,1.0,1.0,0.00619565648958087,0.005919933319091797,0.0018277168273925781,0.0,1.0304996967315674,0.0,0.0,0.0,0.0,0.0,0.0,0.0,0.0,0.0,0.0,0.0,0.0,0.0,0,0,0.7333333333333334,0,-0.19999999999999984
development/scenario34/3468,scenario34,37,36,0,1,0.9333333333333332,0.1355607807636261,0.12991461157798767,0.005646169185638428,0.081805020570755,3.336167097091675,0.49933215975761414,0.5714285714285714,0.0,0.0,0.0,0.0,1.0,1.0,0.013433155603706837,0.0010780692100524902,0.013389825820922852,0.0,0.6193434000015259,0.0,0.0,0.0,0.0,0.0,0.0,0.0,0.0,0.0,0.0,0.0,0.0,0.0,1,1,1.0,1,0.06666666666666676
development/scenario32/3346,scenario32,20,20,1,1,1.0,0.11997330188751221,0.11609385907649994,0.003879442811012268,0.05780259519815445,3.4200267791748047,0.4679153561592102,0.31746031746031744,0.0,0.0,0.0,0.0,1.0,1.0,0.006334640085697174,0.005937397480010986,0.002207934856414795,0.0,1.0063971281051636,0.0,0.0,0.0,0.0,0.0,0.0,0.0,0.0,0.0,0.0,0.0,0.0,0.0,0,1,0.9333333333333332,0,-0.06666666666666676
development/scenario34/5057,scenario34,36,36,1,1,1.0,0.1226840615272522,0.10976827889680862,0.012915782630443573,0.04416504502296448,3.339742422103882,0.4778595566749573,0.5714285714285714,0.0,0.0,0.0,0.0,1.0,1.0,0.012282556854188442,0.00872376561164856,0.008646219968795776,0.0,0.6046385765075684,0.0,0.0,0.0,0.0,0.0,0.0,0.0,0.0,0.0,0.0,0.0,0.0,0.0,0,1,0.9333333333333332,0,-0.06666666666666676
development/scenario32/1996,scenario32,14,15,0,1,0.8666666666666667,0.10533398389816284,0.09524831175804138,0.01008567214012146,0.052254244685173035,3.6089696884155273,0.39828985929489136,0.23809523809523808,0.0,0.0,0.0,0.0,1.0,1.0,0.005064744967967272,0.0045792460441589355,0.002163827419281006,0.0,1.0719149112701416,0.0,0.0,0.0,0.0,0.0,0.0,0.0,0.0,0.0,0.0,0.0,0.0,0.0,0,1,0.9333333333333332,0,0.06666666666666654
development/scenario34/5027,scenario34,42,41,0,1,0.9333333333333332,0.054751552641391754,0.05413312092423439,0.0006184317171573639,0.008878767490386963,3.7605714797973633,0.25118887424468994,0.6507936507936508,0.0,0.0,0.0,0.0,1.0,1.0,0.008087793365120888,0.00623379647731781,0.005152881145477295,0.0,0.5591607689857483,0.0,0.0,0.0,0.0,0.0,0.0,0.0,0.0,0.0,0.0,0.0,0.0,0.0,1,1,1.0,1,0.06666666666666676
development/scenario34/654,scenario34,9,9,1,1,1.0,0.15684716403484344,0.12353713065385818,0.03331003338098526,0.0856344997882843,3.3018953800201416,0.5371422171592712,0.14285714285714285,0.0,0.0,0.0,0.0,1.0,1.0,0.024314142763614655,0.02383631467819214,0.004796624183654785,0.0,0.9164155125617981,0.0,0.0,0.0,0.0,0.0,0.0,0.0,0.0,0.0,0.0,0.0,0.0,0.0,1,1,1.0,0,0.0
development/scenario32/2402,scenario32,5,5,1,1,1.0,0.055648840963840485,0.05294746905565262,0.002701371908187866,0.016595572233200073,3.92293643951416,0.23735477030277252,0.07936507936507936,0.0,0.0,0.0,0.0,1.0,1.0,0.016204150393605232,0.016156882047653198,0.0012367963790893555,0.0,1.0639748573303223,0.0,0.0,0.0,0.0,0.0,0.0,0.0,0.0,0.0,0.0,0.0,0.0,0.0,1,1,1.0,0,0.0
development/scenario33/1748,scenario33,31,28,0,0,0.6,0.1032281443476677,0.09716256707906723,0.006065577268600464,0.015895552933216095,3.2066073417663574,0.4663100838661194,0.4444444444444444,0.0,0.0,0.0,0.0,1.0,1.0,0.006037488579750061,0.004013955593109131,0.004509925842285156,0.0,0.8913652896881104,0.0,0.0,0.0,0.0,0.0,0.0,0.0,0.0,0.0,0.0,0.0,0.0,0.0,1,1,1.0,1,0.4
development/scenario33/2239,scenario33,42,44,0,0,0.6,0.045240119099617004,0.0442609079182148,0.0009792111814022064,0.003016166388988495,3.7368080615997314,0.2183651626110077,0.6984126984126984,0.0,0.0,0.0,0.0,1.0,1.0,0.005167358089238405,0.0037118196487426758,0.00359499454498291,0.0,0.8169084191322327,0.0,0.0,0.0,0.0,0.0,0.0,0.0,0.0,0.0,0.0,0.0,0.0,0.0,1,1,1.0,1,0.4
development/scenario33/3764,scenario33,21,21,1,1,1.0,0.1363430768251419,0.09696124494075775,0.039381831884384155,0.08890806138515472,3.562344789505005,0.4226109981536865,0.3333333333333333,0.0,0.0,0.0,0.0,1.0,1.0,0.004112031310796738,0.0038920342922210693,0.0013269782066345215,0.0,0.9919036030769348,0.0,0.0,0.0,0.0,0.0,0.0,0.0,0.0,0.0,0.0,0.0,0.0,0.0,1,1,1.0,0,0.0
development/scenario33/3409,scenario33,20,20,1,1,1.0,0.07410508394241333,0.06864184886217117,0.005463235080242157,0.03615691512823105,3.7707719802856445,0.29220038652420044,0.31746031746031744,0.0,0.0,0.0,0.0,1.0,1.0,0.0040756412781775,0.0040163397789001465,0.0006927251815795898,0.0,1.025288462638855,0.0,0.0,0.0,0.0,0.0,0.0,0.0,0.0,0.0,0.0,0.0,0.0,0.0,1,1,1.0,0,0.0
development/scenario32/2875,scenario32,12,12,1,1,1.0,0.061220262199640274,0.05884860083460808,0.002371661365032196,0.011246804147958755,3.801257848739624,0.27607038617134094,0.19047619047619047,0.0,0.0,0.0,0.0,1.0,1.0,0.0018283548997715116,0.0001341700553894043,0.00182342529296875,0.0,1.0756332874298096,0.0,0.0,0.0,0.0,0.0,0.0,0.0,0.0,0.0,0.0,0.0,0.0,0.0,1,1,1.0,0,0.0
development/scenario32/189,scenario32,25,25,1,1,1.0,0.13514873385429382,0.12617090344429016,0.008977830410003662,0.06979352980852127,3.219919204711914,0.5197501182556152,0.3968253968253968,0.0,0.0,0.0,0.0,1.0,1.0,0.007991796359419823,0.006358623504638672,0.004841148853302002,0.0,0.9577774405479431,0.0,0.0,0.0,0.0,0.0,0.0,0.0,0.0,0.0,0.0,0.0,0.0,0.0,1,1,1.0,0,0.0
development/scenario34/4888,scenario34,36,36,1,1,1.0,0.15183156728744507,0.12626591324806213,0.025565654039382935,0.08190769702196121,3.160703182220459,0.5543081164360046,0.5714285714285714,0.0,0.0,0.0,0.0,1.0,1.0,0.0044732545502483845,0.003737211227416992,0.0024583041667938232,0.0,0.5893611311912537,0.0,0.0,0.0,0.0,0.0,0.0,0.0,0.0,0.0,0.0,0.0,0.0,0.0,1,1,1.0,0,0.0
development/scenario32/393,scenario32,36,32,0,0,0.3333333333333333,0.11834568530321121,0.103756383061409,0.014589302241802216,0.044242292642593384,3.212069272994995,0.4750535190105438,0.5079365079365079,0.0,0.0,0.0,0.0,1.0,1.0,0.013961064629256725,0.004264891147613525,0.013293683528900146,0.0,0.8885992765426636,0.0,0.0,0.0,0.0,0.0,0.0,0.0,0.0,0.0,0.0,0.0,0.0,0.0,1,1,1.0,1,0.6666666666666667
development/scenario33/1572,scenario33,13,12,0,1,0.9333333333333332,0.06620167195796967,0.0611581914126873,0.005043480545282364,0.013758387416601181,3.736520290374756,0.2931514084339142,0.19047619047619047,0.0,0.0,0.0,0.0,1.0,1.0,0.008057366125285625,0.007830977439880371,0.0018965601921081543,0.0,1.0004091262817383,0.0,0.0,0.0,0.0,0.0,0.0,0.0,0.0,0.0,0.0,0.0,0.0,0.0,0,1,0.8666666666666667,0,-0.06666666666666654
development/scenario33/2957,scenario33,16,15,0,1,0.9333333333333332,0.07901252061128616,0.0700262263417244,0.008986294269561768,0.02301613613963127,3.6898398399353027,0.3309885859489441,0.23809523809523808,0.0,0.0,0.0,0.0,1.0,1.0,0.009172821417450905,0.008524686098098755,0.0033867955207824707,0.0,1.0221569538116455,0.0,0.0,0.0,0.0,0.0,0.0,0.0,0.0,0.0,0.0,0.0,0.0,0.0,1,1,1.0,1,0.06666666666666676
development/scenario34/2779,scenario34,51,53,0,0,0.6666666666666666,0.09162319451570511,0.07354868203401566,0.018074512481689453,0.03190413862466812,3.578278064727783,0.36203011870384216,0.8412698412698413,0.0,0.0,0.0,0.0,1.0,1.0,0.006995995528995991,0.0053396075963974,0.004520237445831299,0.0,0.544560968875885,0.0,0.0,0.0,0.0,0.0,0.0,0.0,0.0,0.0,0.0,0.0,0.0,0.0,0,1,0.9333333333333332,0,0.2666666666666666
development/scenario33/1629,scenario33,21,21,1,1,1.0,0.10239741951227188,0.09549698233604431,0.00690043717622757,0.0402819998562336,3.4757587909698486,0.4215182065963745,0.3333333333333333,0.0,0.0,0.0,0.0,1.0,1.0,0.00754198245704174,0.0014213919639587402,0.007406830787658691,0.0,0.9189573526382446,0.0,0.0,0.0,0.0,0.0,0.0,0.0,0.0,0.0,0.0,0.0,0.0,0.0,1,1,1.0,0,0.0
development/scenario33/3767,scenario33,21,21,1,1,1.0,0.13631269335746765,0.0969243049621582,0.03938838839530945,0.08886383473873138,3.562556505203247,0.42252472043037415,0.3333333333333333,0.0,0.0,0.0,0.0,1.0,1.0,0.00418614037334919,0.0038802921772003174,0.0015707015991210938,0.0,0.9919267892837524,0.0,0.0,0.0,0.0,0.0,0.0,0.0,0.0,0.0,0.0,0.0,0.0,0.0,1,1,1.0,0,0.0
development/scenario33/3346,scenario33,20,21,0,1,0.9333333333333332,0.11521051079034805,0.08558331429958344,0.029627196490764618,0.0754234790802002,3.6696524620056152,0.3688732385635376,0.3333333333333333,0.0,0.0,0.0,0.0,1.0,1.0,0.004072851035743952,0.0040277838706970215,0.0006042122840881348,0.0,1.0101895332336426,0.0,0.0,0.0,0.0,0.0,0.0,0.0,0.0,0.0,0.0,0.0,0.0,0.0,0,1,0.9333333333333332,0,0.0
development/scenario33/3341,scenario33,21,21,1,1,1.0,0.12061261385679245,0.0856727585196495,0.034939855337142944,0.07831044495105743,3.6529831886291504,0.3792889714241028,0.3333333333333333,0.0,0.0,0.0,0.0,1.0,1.0,0.004101226106286049,0.004096865653991699,0.00018906593322753906,0.0,1.0080363750457764,0.0,0.0,0.0,0.0,0.0,0.0,0.0,0.0,0.0,0.0,0.0,0.0,0.0,1,1,1.0,0,0.0
development/scenario32/463,scenario32,15,20,0,0,0.1333333333333333,0.07779999077320099,0.07024666666984558,0.007553324103355408,0.03542914241552353,3.7513949871063232,0.3083261549472809,0.31746031746031744,0.0,0.0,0.0,0.0,1.0,1.0,0.00986554380506277,0.004168689250946045,0.00894153118133545,0.0,1.0165907144546509,0.0,0.0,0.0,0.0,0.0,0.0,0.0,0.0,0.0,0.0,0.0,0.0,0.0,0,1,0.9333333333333332,0,0.7999999999999999
development/scenario32/2772,scenario32,15,16,0,1,0.9333333333333332,0.19178929924964905,0.14605937898159027,0.04572992026805878,0.14983601868152618,3.2813827991485596,0.5451968908309937,0.25396825396825395,0.0,0.0,0.0,0.0,1.0,1.0,0.006283364724367857,0.006280481815338135,0.00019031763076782227,0.0,1.056138515472412,0.0,0.0,0.0,0.0,0.0,0.0,0.0,0.0,0.0,0.0,0.0,0.0,0.0,0,1,0.9333333333333332,0,0.0
development/scenario34/3642,scenario34,31,32,0,1,0.9333333333333332,0.11239128559827805,0.10076688975095749,0.011624395847320557,0.03580711781978607,3.222322463989258,0.47236984968185425,0.5079365079365079,0.0,0.0,0.0,0.0,1.0,1.0,0.0040596649050712585,0.002924680709838867,0.0028155148029327393,0.0,0.6430198550224304,0.0,0.0,0.0,0.0,0.0,0.0,0.0,0.0,0.0,0.0,0.0,0.0,0.0,1,1,1.0,1,0.06666666666666676
development/scenario33/2774,scenario33,25,25,1,1,1.0,0.127918541431427,0.10583548992872238,0.02208305150270462,0.05719473212957382,3.2841837406158447,0.48172199726104736,0.3968253968253968,0.0,0.0,0.0,0.0,1.0,1.0,0.005874333903193474,0.003942817449569702,0.004354536533355713,0.0,0.9303142428398132,0.0,0.0,0.0,0.0,0.0,0.0,0.0,0.0,0.0,0.0,0.0,0.0,0.0,1,1,1.0,0,0.0
development/scenario33/4011,scenario33,18,19,0,1,0.9333333333333332,0.15958379209041595,0.14405608177185059,0.015527710318565369,0.1000201478600502,3.257550001144409,0.5329223871231079,0.30158730158730157,0.0,0.0,0.0,0.0,1.0,1.0,0.005015287548303604,0.0021042823791503906,0.004552483558654785,0.0,0.9758902192115784,0.0,0.0,0.0,0.0,0.0,0.0,0.0,0.0,0.0,0.0,0.0,0.0,0.0,0,1,0.9333333333333332,0,0.0
development/scenario34/2112,scenario34,37,37,1,1,1.0,0.13216239213943481,0.12492137402296066,0.007241018116474152,0.06943468749523163,3.3428571224212646,0.5066125988960266,0.5873015873015873,0.0,0.0,0.0,0.0,1.0,1.0,0.010871447622776031,0.004330039024353027,0.009971916675567627,0.0,0.5979382395744324,0.0,0.0,0.0,0.0,0.0,0.0,0.0,0.0,0.0,0.0,0.0,0.0,0.0,0,1,0.9333333333333332,0,-0.06666666666666676
development/scenario33/3567,scenario33,12,15,0,0,0.4666666666666666,0.08756381273269653,0.07818304747343063,0.0093807652592659,0.03148874640464783,3.649247169494629,0.3545984923839569,0.23809523809523808,0.0,0.0,0.0,0.0,1.0,1.0,0.008763065561652184,0.008245497941970825,0.0029670000076293945,0.0,1.0179522037506104,0.0,0.0,0.0,0.0,0.0,0.0,0.0,0.0,0.0,0.0,0.0,0.0,0.0,0,0,0.5333333333333333,0,0.06666666666666671
development/scenario34/3851,scenario34,14,12,0,0,0.6666666666666666,0.1182941347360611,0.10328637063503265,0.015007764101028442,0.052416056394577026,3.3385355472564697,0.4678763449192047,0.19047619047619047,0.0,0.0,0.0,0.0,1.0,1.0,0.008087022230029106,0.006983697414398193,0.004077732563018799,0.0,0.8492547869682312,0.0,0.0,0.0,0.0,0.0,0.0,0.0,0.0,0.0,0.0,0.0,0.0,0.0,0,1,0.9333333333333332,0,0.2666666666666666
development/scenario33/3405,scenario33,20,20,1,1,1.0,0.0754195898771286,0.06816155463457108,0.007258035242557526,0.03553839027881622,3.767493486404419,0.29700949788093567,0.31746031746031744,0.0,0.0,0.0,0.0,1.0,1.0,0.00408150302246213,0.0040239691734313965,0.0006828904151916504,0.0,1.0244324207305908,0.0,0.0,0.0,0.0,0.0,0.0,0.0,0.0,0.0,0.0,0.0,0.0,0.0,1,1,1.0,0,0.0
development/scenario34/1614,scenario34,31,32,0,1,0.8666666666666667,0.13899552822113037,0.13407209515571594,0.004923433065414429,0.07153897732496262,3.1338887214660645,0.5324139595031738,0.5079365079365079,0.0,0.0,0.0,0.0,1.0,1.0,0.005138447508215904,0.004156887531280518,0.0030205845832824707,0.0,0.623036801815033,0.0,0.0,0.0,0.0,0.0,0.0,0.0,0.0,0.0,0.0,0.0,0.0,0.0,0,1,0.9333333333333332,0,0.06666666666666654
development/scenario34/396,scenario34,49,53,0,0,0.26666666666666666,0.09141146391630173,0.07340183109045029,0.01800963282585144,0.031707122921943665,3.5783140659332275,0.3614938259124756,0.8412698412698413,0.0,0.0,0.0,0.0,1.0,1.0,0.004542653448879719,0.00018624216318130493,0.004538834095001221,0.0,0.5413209199905396,0.0,0.0,0.0,0.0,0.0,0.0,0.0,0.0,0.0,0.0,0.0,0.0,0.0,0,1,0.9333333333333332,0,0.6666666666666665
development/scenario33/2731,scenario33,47,50,0,1,0.7999999999999999,0.04385793209075928,0.042118899524211884,0.0017390325665473938,0.0035131163895130157,3.7633213996887207,0.20922447741031647,0.7936507936507936,0.0,0.0,0.0,0.0,1.0,1.0,0.005374149419367313,0.004099637269973755,0.0034748315811157227,0.0,0.8105237483978271,0.0,0.0,0.0,0.0,0.0,0.0,0.0,0.0,0.0,0.0,0.0,0.0,0.0,1,1,1.0,1,0.20000000000000007
development/scenario34/4572,scenario34,49,53,0,1,0.7333333333333334,0.06010403856635094,0.0557473860681057,0.004356652498245239,0.007165689021348953,3.6593072414398193,0.2755402624607086,0.8412698412698413,0.0,0.0,0.0,0.0,1.0,1.0,0.005167266819626093,0.002269156277179718,0.004642367362976074,0.0,0.5496826767921448,0.0,0.0,0.0,0.0,0.0,0.0,0.0,0.0,0.0,0.0,0.0,0.0,0.0,0,1,0.9333333333333332,0,0.19999999999999984
development/scenario34/1292,scenario34,27,42,0,0,0.0,0.11210862547159195,0.09512653201818466,0.016982093453407288,0.06199602782726288,3.601198673248291,0.41237306594848633,0.6666666666666666,0.0,0.0,0.0,0.0,1.0,1.0,0.01476491428911686,0.0017126798629760742,0.01466524600982666,0.0,0.5013870596885681,0.0,0.0,0.0,0.0,0.0,0.0,0.0,0.0,0.0,0.0,0.0,0.0,0.0,0,0,0.0,0,0.0
development/scenario32/1062,scenario32,28,32,0,0,0.26666666666666666,0.11900382488965988,0.10439366102218628,0.014610163867473602,0.04615511745214462,3.2177507877349854,0.47352927923202515,0.5079365079365079,0.0,0.0,0.0,0.0,1.0,1.0,0.0061055622063577175,0.0034296810626983643,0.005051255226135254,0.0,0.8793975710868835,0.0,0.0,0.0,0.0,0.0,0.0,0.0,0.0,0.0,0.0,0.0,0.0,0.0,1,1,1.0,1,0.7333333333333334
development/scenario34/2219,scenario34,38,37,0,1,0.9333333333333332,0.15983614325523376,0.14787207543849945,0.011964067816734314,0.08551929146051407,3.168872833251953,0.5816300511360168,0.5873015873015873,0.0,0.0,0.0,0.0,1.0,1.0,0.003491119248792529,0.0032492876052856445,0.0012767314910888672,0.0,0.5688914060592651,0.0,0.0,0.0,0.0,0.0,0.0,0.0,0.0,0.0,0.0,0.0,0.0,0.0,1,1,1.0,1,0.06666666666666676
development/scenario34/3992,scenario34,6,6,1,1,1.0,0.1011706218123436,0.09170898050069809,0.009461641311645508,0.05145573988556862,3.6608078479766846,0.3846159279346466,0.09523809523809523,0.0,0.0,0.0,0.0,1.0,1.0,0.003940727561712265,0.001493692398071289,0.003646671772003174,0.0,1.1125400066375732,0.0,0.0,0.0,0.0,0.0,0.0,0.0,0.0,0.0,0.0,0.0,0.0,0.0,1,1,1.0,0,0.0
development/scenario32/1805,scenario32,18,19,0,1,0.9333333333333332,0.1552238017320633,0.12849760055541992,0.02672620117664337,0.09366041421890259,3.2807695865631104,0.5267550945281982,0.30158730158730157,0.0,0.0,0.0,0.0,1.0,1.0,0.006488220766186714,0.006297290325164795,0.0015624165534973145,0.0,1.0293335914611816,0.0,0.0,0.0,0.0,0.0,0.0,0.0,0.0,0.0,0.0,0.0,0.0,0.0,0,1,0.9333333333333332,0,0.0
development/scenario33/4583,scenario33,16,15,0,1,0.9333333333333332,0.09530898928642273,0.09019861370325089,0.0051103755831718445,0.036270905286073685,3.6023495197296143,0.38040632009506226,0.23809523809523808,0.0,0.0,0.0,0.0,1.0,1.0,0.00950838066637516,0.008538961410522461,0.004182755947113037,0.0,1.013975977897644,0.0,0.0,0.0,0.0,0.0,0.0,0.0,0.0,0.0,0.0,0.0,0.0,0.0,0,1,0.9333333333333332,0,0.0
development/scenario33/3766,scenario33,22,21,0,1,0.9333333333333332,0.13631199300289154,0.09691713005304337,0.039394862949848175,0.08887486159801483,3.5626611709594727,0.4224863648414612,0.3333333333333333,0.0,0.0,0.0,0.0,1.0,1.0,0.00419370923191309,0.0039038360118865967,0.0015320777893066406,0.0,0.9919474124908447,0.0,0.0,0.0,0.0,0.0,0.0,0.0,0.0,0.0,0.0,0.0,0.0,0.0,0,1,0.9333333333333332,0,0.0
development/scenario33/3284,scenario33,30,32,0,0,0.7333333333333334,0.10895330458879471,0.09694631397724152,0.012006990611553192,0.023033179342746735,3.207360029220581,0.46969932317733765,0.5079365079365079,0.0,0.0,0.0,0.0,1.0,1.0,0.006409117951989174,0.0043280720710754395,0.004727005958557129,0.0,0.8839713931083679,0.0,0.0,0.0,0.0,0.0,0.0,0.0,0.0,0.0,0.0,0.0,0.0,0.0,0,1,0.8666666666666667,0,0.1333333333333333
development/scenario34/1864,scenario34,32,32,1,1,1.0,0.11522326618432999,0.10270114243030548,0.012522123754024506,0.042619287967681885,3.2317118644714355,0.47508102655410767,0.5079365079365079,0.0,0.0,0.0,0.0,1.0,1.0,0.005119063891470432,0.003664255142211914,0.0035746395587921143,0.0,0.6399008631706238,0.0,0.0,0.0,0.0,0.0,0.0,0.0,0.0,0.0,0.0,0.0,0.0,0.0,1,1,1.0,0,0.0
development/scenario32/2379,scenario32,11,10,0,1,0.8666666666666667,0.05409662052989006,0.05340088903903961,0.0006957314908504486,0.008114036172628403,3.841557741165161,0.25869226455688477,0.15873015873015872,0.0,0.0,0.0,0.0,1.0,1.0,0.0037811053916811943,0.0012987256050109863,0.0035510659217834473,0.0,1.0903295278549194,0.0,0.0,0.0,0.0,0.0,0.0,0.0,0.0,0.0,0.0,0.0,0.0,0.0,1,1,1.0,1,0.1333333333333333
development/scenario33/3527,scenario33,9,9,1,1,1.0,0.059416886419057846,0.058376699686050415,0.001040186733007431,0.013186000287532806,3.779001235961914,0.2635071277618408,0.14285714285714285,0.0,0.0,0.0,0.0,1.0,1.0,0.005215326324105263,0.005168899893760681,0.0006943345069885254,0.0,0.9895629286766052,0.0,0.0,0.0,0.0,0.0,0.0,0.0,0.0,0.0,0.0,0.0,0.0,0.0,1,1,1.0,0,0.0
development/scenario34/2745,scenario34,53,53,1,1,1.0,0.09536028653383255,0.07710243761539459,0.018257848918437958,0.035583075135946274,3.5790557861328125,0.36970236897468567,0.8412698412698413,0.0,0.0,0.0,0.0,1.0,1.0,0.00780736468732357,0.006366059184074402,0.004519760608673096,0.0,0.5434656739234924,0.0,0.0,0.0,0.0,0.0,0.0,0.0,0.0,0.0,0.0,0.0,0.0,0.0,1,1,1.0,0,0.0
development/scenario33/4141,scenario33,19,19,1,1,1.0,0.16478276252746582,0.12350915372371674,0.041273608803749084,0.09826620668172836,3.2661733627319336,0.5334595441818237,0.30158730158730157,0.0,0.0,0.0,0.0,1.0,1.0,0.003322199685499072,0.0017779171466827393,0.002806425094604492,0.0,0.9569031596183777,0.0,0.0,0.0,0.0,0.0,0.0,0.0,0.0,0.0,0.0,0.0,0.0,0.0,1,1,1.0,0,0.0
development/scenario33/1813,scenario33,21,21,1,1,1.0,0.10755760967731476,0.08523276448249817,0.02232484519481659,0.07069151103496552,3.6899232864379883,0.3549806475639343,0.3333333333333333,0.0,0.0,0.0,0.0,1.0,1.0,0.004163861740380526,0.004057466983795166,0.0009352564811706543,0.0,1.0122573375701904,0.0,0.0,0.0,0.0,0.0,0.0,0.0,0.0,0.0,0.0,0.0,0.0,0.0,1,1,1.0,0,0.0
development/scenario32/2366,scenario32,15,15,1,1,1.0,0.07516905665397644,0.06908795237541199,0.006081104278564453,0.01517593115568161,3.7062721252441406,0.33228451013565063,0.23809523809523808,0.0,0.0,0.0,0.0,1.0,1.0,0.0054440428502857685,0.004950284957885742,0.002265453338623047,0.0,1.0797017812728882,0.0,0.0,0.0,0.0,0.0,0.0,0.0,0.0,0.0,0.0,0.0,0.0,0.0,0,0,0.7333333333333334,0,-0.2666666666666666
development/scenario32/3401,scenario32,16,16,1,1,1.0,0.19651615619659424,0.13937802612781525,0.05713813006877899,0.14468637108802795,3.2522897720336914,0.5578845143318176,0.25396825396825395,0.0,0.0,0.0,0.0,1.0,1.0,0.006234495900571346,0.006096005439758301,0.001306772232055664,0.0,1.0508395433425903,0.0,0.0,0.0,0.0,0.0,0.0,0.0,0.0,0.0,0.0,0.0,0.0,0.0,1,1,1.0,0,0.0
development/scenario33/44,scenario33,12,5,0,0,0.0,0.07573016732931137,0.06803031265735626,0.007699854671955109,0.025937896221876144,3.7619264125823975,0.31415483355522156,0.07936507936507936,0.0,0.0,0.0,0.0,1.0,1.0,0.0024919116403907537,0.0023944824934005737,0.0006899833679199219,0.0,0.978371262550354,0.0,0.0,0.0,0.0,0.0,0.0,0.0,0.0,0.0,0.0,0.0,0.0,0.0,0,0,0.0,0,0.0
development/scenario32/2348,scenario32,15,16,0,1,0.9333333333333332,0.15988409519195557,0.14288367331027985,0.01700042188167572,0.11258145421743393,3.397749185562134,0.5067414045333862,0.25396825396825395,0.0,0.0,0.0,0.0,1.0,1.0,0.0063901194371283054,0.0063629150390625,0.0005890130996704102,0.0,1.0651837587356567,0.0,0.0,0.0,0.0,0.0,0.0,0.0,0.0,0.0,0.0,0.0,0.0,0.0,0,1,0.9333333333333332,0,0.0
development/scenario34/2730,scenario34,54,53,0,1,0.9333333333333332,0.0963858813047409,0.07837829738855362,0.018007583916187286,0.03675851598381996,3.5819289684295654,0.3711531460285187,0.8412698412698413,0.0,0.0,0.0,0.0,1.0,1.0,0.007063054479658604,0.005429305136203766,0.004517674446105957,0.0,0.5427985787391663,0.0,0.0,0.0,0.0,0.0,0.0,0.0,0.0,0.0,0.0,0.0,0.0,0.0,0,1,0.8666666666666667,0,-0.06666666666666654
development/scenario32/3463,scenario32,15,16,0,1,0.9333333333333332,0.1396513283252716,0.13120178878307343,0.008449539542198181,0.08695025742053986,3.4732871055603027,0.47527748346328735,0.25396825396825395,0.0,0.0,0.0,0.0,1.0,1.0,0.005069498438388109,0.0047560930252075195,0.0017548203468322754,0.0,1.0647015571594238,0.0,0.0,0.0,0.0,0.0,0.0,0.0,0.0,0.0,0.0,0.0,0.0,0.0,0,0,0.7333333333333334,0,-0.19999999999999984
development/scenario33/3787,scenario33,21,21,1,1,1.0,0.1363043189048767,0.09693540632724762,0.03936891257762909,0.08882151544094086,3.5623364448547363,0.4226037263870239,0.3333333333333333,0.0,0.0,0.0,0.0,1.0,1.0,0.004225301556289196,0.00394853949546814,0.001504063606262207,0.0,0.9918346405029297,0.0,0.0,0.0,0.0,0.0,0.0,0.0,0.0,0.0,0.0,0.0,0.0,0.0,1,1,1.0,0,0.0
development/scenario33/2567,scenario33,2,5,0,0,0.5333333333333333,0.06846652179956436,0.06182035431265831,0.006646167486906052,0.022976435720920563,3.7848751544952393,0.28770682215690613,0.07936507936507936,0.0,0.0,0.0,0.0,1.0,1.0,0.020875420421361923,0.020873889327049255,0.00025278329849243164,0.0,0.998041033744812,0.0,0.0,0.0,0.0,0.0,0.0,0.0,0.0,0.0,0.0,0.0,0.0,0.0,0,0,0.0,0,-0.5333333333333333
development/scenario34/1812,scenario34,38,38,1,1,1.0,0.17093461751937866,0.12331818789243698,0.04761642962694168,0.10621762275695801,3.265824794769287,0.5435327291488647,0.6031746031746031,0.0,0.0,0.0,0.0,1.0,1.0,0.004149082116782665,0.0038052797317504883,0.0016537010669708252,0.0,0.5465635061264038,0.0,0.0,0.0,0.0,0.0,0.0,0.0,0.0,0.0,0.0,0.0,0.0,0.0,1,1,1.0,0,0.0
development/scenario33/2604,scenario33,13,12,0,1,0.9333333333333332,0.06587233394384384,0.06252030283212662,0.003352031111717224,0.014769025146961212,3.737581729888916,0.29350748658180237,0.19047619047619047,0.0,0.0,0.0,0.0,1.0,1.0,0.006957593373954296,0.006716519594192505,0.0018156170845031738,0.0,1.008586049079895,0.0,0.0,0.0,0.0,0.0,0.0,0.0,0.0,0.0,0.0,0.0,0.0,0.0,0,1,0.9333333333333332,0,0.0
development/scenario32/2674,scenario32,19,19,1,1,1.0,0.15246990323066711,0.12792634963989258,0.024543553590774536,0.08886461704969406,3.2896463871002197,0.5241094827651978,0.30158730158730157,0.0,0.0,0.0,0.0,1.0,1.0,0.006213468965142965,0.006177425384521484,0.0006682872772216797,0.0,1.0300050973892212,0.0,0.0,0.0,0.0,0.0,0.0,0.0,0.0,0.0,0.0,0.0,0.0,0.0,1,1,1.0,0,0.0
development/scenario34/3472,scenario34,37,38,0,1,0.9333333333333332,0.1257002204656601,0.12133776396512985,0.004362456500530243,0.07609571516513824,3.437197685241699,0.46716436743736267,0.6031746031746031,0.0,0.0,0.0,0.0,1.0,1.0,0.013972465880215168,0.0007534623146057129,0.013952136039733887,0.0,0.6050165295600891,0.0,0.0,0.0,0.0,0.0,0.0,0.0,0.0,0.0,0.0,0.0,0.0,0.0,1,1,1.0,1,0.06666666666666676
development/scenario32/2411,scenario32,4,5,0,1,0.8666666666666667,0.0571269616484642,0.05292319506406784,0.004203766584396362,0.01601472496986389,3.898679733276367,0.2430208921432495,0.07936507936507936,0.0,0.0,0.0,0.0,1.0,1.0,0.01932538114488125,0.01932254433631897,0.0003311038017272949,0.0,1.0425257682800293,0.0,0.0,0.0,0.0,0.0,0.0,0.0,0.0,0.0,0.0,0.0,0.0,0.0,0,1,0.9333333333333332,0,0.06666666666666654
development/scenario32/1807,scenario32,18,19,0,1,0.9333333333333332,0.15525050461292267,0.12840363383293152,0.02684687077999115,0.0938025563955307,3.2810373306274414,0.5265778303146362,0.30158730158730157,0.0,0.0,0.0,0.0,1.0,1.0,0.0064788395538926125,0.006289780139923096,0.0015537142753601074,0.0,1.0293104648590088,0.0,0.0,0.0,0.0,0.0,0.0,0.0,0.0,0.0,0.0,0.0,0.0,0.0,0,1,0.9333333333333332,0,0.0
development/scenario33/2462,scenario33,21,21,1,1,1.0,0.09425995498895645,0.08377087116241455,0.0104890838265419,0.05383087694644928,3.720376968383789,0.3386266231536865,0.3333333333333333,0.0,0.0,0.0,0.0,1.0,1.0,0.003991149831563234,0.00391465425491333,0.0007776618003845215,0.0,1.0166724920272827,0.0,0.0,0.0,0.0,0.0,0.0,0.0,0.0,0.0,0.0,0.0,0.0,0.0,0,1,0.9333333333333332,0,-0.06666666666666676
development/scenario34/1341,scenario34,44,42,0,0,0.7333333333333334,0.10304447263479233,0.09329620003700256,0.009748272597789764,0.05666845291852951,3.640778064727783,0.39084887504577637,0.6666666666666666,0.0,0.0,0.0,0.0,1.0,1.0,0.0041055758483707905,0.003577321767807007,0.0020145773887634277,0.0,0.48423945903778076,0.0,0.0,0.0,0.0,0.0,0.0,0.0,0.0,0.0,0.0,0.0,0.0,0.0,0,1,0.8666666666666667,0,0.1333333333333333
development/scenario33/848,scenario33,21,21,1,1,1.0,0.12410411238670349,0.08580459654331207,0.03829951584339142,0.07985562831163406,3.639315605163574,0.38702625036239624,0.3333333333333333,0.0,0.0,0.0,0.0,1.0,1.0,0.004250068683177233,0.00401616096496582,0.0013905167579650879,0.0,1.005139946937561,0.0,0.0,0.0,0.0,0.0,0.0,0.0,0.0,0.0,0.0,0.0,0.0,0.0,1,1,1.0,0,0.0
development/scenario32/370,scenario32,17,21,0,0,0.26666666666666666,0.13558366894721985,0.09990359842777252,0.03568007051944733,0.08298501372337341,3.5053417682647705,0.44067874550819397,0.3333333333333333,0.0,0.0,0.0,0.0,1.0,1.0,0.012035157531499863,0.005146235227584839,0.01087939739227295,0.0,0.9832118153572083,0.0,0.0,0.0,0.0,0.0,0.0,0.0,0.0,0.0,0.0,0.0,0.0,0.0,0,1,0.8666666666666667,0,0.6000000000000001
development/scenario32/3359,scenario32,17,19,0,0,0.7333333333333334,0.14958614110946655,0.11275632679462433,0.036829814314842224,0.08856137096881866,3.332077980041504,0.5037059187889099,0.30158730158730157,0.0,0.0,0.0,0.0,1.0,1.0,0.006343318149447441,0.0060356855392456055,0.001951456069946289,0.0,1.026250958442688,0.0,0.0,0.0,0.0,0.0,0.0,0.0,0.0,0.0,0.0,0.0,0.0,0.0,0,1,0.9333333333333332,0,0.19999999999999984
development/scenario33/2630,scenario33,15,16,0,1,0.9333333333333332,0.10100831091403961,0.09355804324150085,0.007450267672538757,0.03919379785656929,3.542634963989258,0.4049703776836395,0.25396825396825395,0.0,0.0,0.0,0.0,1.0,1.0,0.006944393739104271,0.005246013402938843,0.004550158977508545,0.0,1.0069332122802734,0.0,0.0,0.0,0.0,0.0,0.0,0.0,0.0,0.0,0.0,0.0,0.0,0.0,1,1,1.0,1,0.06666666666666676
development/scenario34/285,scenario34,28,27,0,1,0.9333333333333332,0.0911804735660553,0.08846337348222733,0.0027171000838279724,0.023816652595996857,3.384335994720459,0.400078684091568,0.42857142857142855,0.0,0.0,0.0,0.0,1.0,1.0,0.0034735428635030985,0.00294378399848938,0.0018438100814819336,0.0,0.664577305316925,0.0,0.0,0.0,0.0,0.0,0.0,0.0,0.0,0.0,0.0,0.0,0.0,0.0,1,1,1.0,1,0.06666666666666676
development/scenario32/1266,scenario32,52,50,0,1,0.7999999999999999,0.04698871821165085,0.045621585100889206,0.0013671331107616425,0.003865383565425873,3.7475709915161133,0.2233593761920929,0.7936507936507936,0.0,0.0,0.0,0.0,1.0,1.0,0.006601675413548946,0.00600123405456543,0.002750873565673828,0.0,0.8466782569885254,0.0,0.0,0.0,0.0,0.0,0.0,0.0,0.0,0.0,0.0,0.0,0.0,0.0,0,1,0.9333333333333332,0,0.1333333333333333
development/scenario32/2468,scenario32,10,15,0,0,0.13333333333333333,0.05592697486281395,0.05317964404821396,0.002747330814599991,0.00560503825545311,3.7972283363342285,0.26135748624801636,0.23809523809523808,0.0,0.0,0.0,0.0,1.0,1.0,0.011363918893039227,0.009809315204620361,0.005737245082855225,0.0,1.0369362831115723,0.0,0.0,0.0,0.0,0.0,0.0,0.0,0.0,0.0,0.0,0.0,0.0,0.0,1,1,1.0,1,0.8666666666666667
development/scenario33/4366,scenario33,20,21,0,1,0.9333333333333332,0.12169715017080307,0.08738115429878235,0.03431599587202072,0.07828286290168762,3.6361610889434814,0.3870791792869568,0.3333333333333333,0.0,0.0,0.0,0.0,1.0,1.0,0.003586748382076621,0.0035137832164764404,0.0007197856903076172,0.0,1.0004165172576904,0.0,0.0,0.0,0.0,0.0,0.0,0.0,0.0,0.0,0.0,0.0,0.0,0.0,1,1,1.0,1,0.06666666666666676
development/scenario32/1963,scenario32,15,16,0,1,0.9333333333333332,0.18588586151599884,0.14675821363925934,0.0391276478767395,0.1469210833311081,3.305739641189575,0.5349014401435852,0.25396825396825395,0.0,0.0,0.0,0.0,1.0,1.0,0.006341786123812199,0.0062795281410217285,0.0008864402770996094,0.0,1.0583816766738892,0.0,0.0,0.0,0.0,0.0,0.0,0.0,0.0,0.0,0.0,0.0,0.0,0.0,0,1,0.9333333333333332,0,0.0
development/scenario34/3780,scenario34,13,19,0,0,0.0,0.07614549249410629,0.07299774140119553,0.0031477510929107666,0.015623997896909714,3.4918580055236816,0.3371131420135498,0.30158730158730157,0.0,0.0,0.0,0.0,1.0,1.0,0.037321627140045166,0.03701603412628174,0.004766225814819336,0.0,0.7567759156227112,0.0,0.0,0.0,0.0,0.0,0.0,0.0,0.0,0.0,0.0,0.0,0.0,0.0,1,1,1.0,1,1.0
development/scenario32/631,scenario32,25,25,1,1,1.0,0.11623398959636688,0.1032862439751625,0.012947745621204376,0.039864398539066315,3.3314449787139893,0.4514799416065216,0.3968253968253968,0.0,0.0,0.0,0.0,1.0,1.0,0.006743134465068579,0.006499588489532471,0.0017958879470825195,0.0,0.9819459915161133,0.0,0.0,0.0,0.0,0.0,0.0,0.0,0.0,0.0,0.0,0.0,0.0,0.0,1,1,1.0,0,0.0
development/scenario33/3263,scenario33,43,44,0,0,0.8000000000000002,0.0451834462583065,0.044247135519981384,0.000936310738325119,0.0030633024871349335,3.73706316947937,0.21816658973693848,0.6984126984126984,0.0,0.0,0.0,0.0,1.0,1.0,0.00609785970300436,0.004361659288406372,0.004261434078216553,0.0,0.8163738250732422,0.0,0.0,0.0,0.0,0.0,0.0,0.0,0.0,0.0,0.0,0.0,0.0,0.0,1,1,1.0,1,0.19999999999999984
development/scenario34/4224,scenario34,1,5,0,0,0.19999999999999996,0.03720046952366829,0.036554183810949326,0.0006462857127189636,0.0026077739894390106,3.8746068477630615,0.1781700700521469,0.07936507936507936,0.0,0.0,0.0,0.0,1.0,1.0,0.007130085956305265,0.006765902042388916,0.002249598503112793,0.0,0.7567693591117859,0.0,0.0,0.0,0.0,0.0,0.0,0.0,0.0,0.0,0.0,0.0,0.0,0.0,0,1,0.9333333333333332,0,0.7333333333333333
development/scenario32/3471,scenario32,12,15,0,0,0.6,0.074540875852108,0.06971956789493561,0.004821307957172394,0.014728579670190811,3.713134527206421,0.3328673541545868,0.23809523809523808,0.0,0.0,0.0,0.0,1.0,1.0,0.0035964185371994972,0.0021920204162597656,0.0028511881828308105,0.0,1.0718263387680054,0.0,0.0,0.0,0.0,0.0,0.0,0.0,0.0,0.0,0.0,0.0,0.0,0.0,1,1,1.0,1,0.4
development/scenario34/1598,scenario34,37,37,1,1,1.0,0.15744461119174957,0.13928639888763428,0.018158212304115295,0.09413430839776993,3.154892921447754,0.5779653191566467,0.5873015873015873,0.0,0.0,0.0,0.0,1.0,1.0,0.0049148364923894405,0.0036170482635498047,0.0033275485038757324,0.0,0.573768675327301,0.0,0.0,0.0,0.0,0.0,0.0,0.0,0.0,0.0,0.0,0.0,0.0,0.0,0,1,0.9333333333333332,0,-0.06666666666666676
development/scenario32/2775,scenario32,16,16,1,1,1.0,0.18727843463420868,0.1466880887746811,0.04059034585952759,0.14816921949386597,3.3001506328582764,0.5368279218673706,0.25396825396825395,0.0,0.0,0.0,0.0,1.0,1.0,0.006247826851904392,0.006247818470001221,1.0013580322265625e-05,0.0,1.0578721761703491,0.0,0.0,0.0,0.0,0.0,0.0,0.0,0.0,0.0,0.0,0.0,0.0,0.0,0,1,0.9333333333333332,0,-0.06666666666666676
development/scenario33/960,scenario33,9,10,0,1,0.9333333333333332,0.05448450148105621,0.05252313241362572,0.001961369067430496,0.01007576659321785,3.8319125175476074,0.24891936779022217,0.15873015873015872,0.0,0.0,0.0,0.0,1.0,1.0,0.021084174513816833,0.021004557609558105,0.0018305778503417969,0.0,1.020281434059143,0.0,0.0,0.0,0.0,0.0,0.0,0.0,0.0,0.0,0.0,0.0,0.0,0.0,1,1,1.0,1,0.06666666666666676
development/scenario33/1725,scenario33,43,44,0,1,0.8666666666666667,0.04725082591176033,0.04529336467385292,0.0019574612379074097,0.003605380654335022,3.728334903717041,0.2256077080965042,0.6984126984126984,0.0,0.0,0.0,0.0,1.0,1.0,0.005355240311473608,0.0038898587226867676,0.003680706024169922,0.0,0.8257659673690796,0.0,0.0,0.0,0.0,0.0,0.0,0.0,0.0,0.0,0.0,0.0,0.0,0.0,1,1,1.0,1,0.1333333333333333
development/scenario34/1842,scenario34,35,33,0,0,0.7333333333333334,0.1345796287059784,0.11660709232091904,0.017972536385059357,0.05715750902891159,3.126871109008789,0.5433551073074341,0.5238095238095238,0.0,0.0,0.0,0.0,1.0,1.0,0.003640959970653057,0.0036205649375915527,0.00038483738899230957,0.0,0.6139509081840515,0.0,0.0,0.0,0.0,0.0,0.0,0.0,0.0,0.0,0.0,0.0,0.0,0.0,0,1,0.8666666666666667,0,0.1333333333333333
development/scenario32/516,scenario32,60,50,0,0,0.0,0.04428824037313461,0.04258611798286438,0.0017021223902702332,0.003728386014699936,3.7907330989837646,0.21005134284496307,0.7936507936507936,0.0,0.0,0.0,0.0,1.0,1.0,0.013232787139713764,0.0031772255897521973,0.01284569501876831,0.0,0.8092904090881348,0.0,0.0,0.0,0.0,0.0,0.0,0.0,0.0,0.0,0.0,0.0,0.0,0.0,0,1,0.7999999999999999,0,0.7999999999999999
development/scenario34/4736,scenario34,28,37,0,0,0.0,0.04558303952217102,0.04501226916909218,0.0005707703530788422,0.01241859421133995,3.969712018966675,0.2040780782699585,0.5873015873015873,0.0,0.0,0.0,0.0,1.0,1.0,0.012410475872457027,0.01210486888885498,0.0027371644973754883,0.0,0.6048078536987305,0.0,0.0,0.0,0.0,0.0,0.0,0.0,0.0,0.0,0.0,0.0,0.0,0.0,1,1,1.0,1,1.0
development/scenario33/866,scenario33,21,21,1,1,1.0,0.12417189031839371,0.08581820130348206,0.03835368901491165,0.07987666130065918,3.638935089111328,0.38722506165504456,0.3333333333333333,0.0,0.0,0.0,0.0,1.0,1.0,0.004255271516740322,0.004020035266876221,0.0013952255249023438,0.0,1.005014419555664,0.0,0.0,0.0,0.0,0.0,0.0,0.0,0.0,0.0,0.0,0.0,0.0,0.0,1,1,1.0,0,0.0
development/scenario34/2053,scenario34,54,53,0,1,0.9333333333333332,0.0962776392698288,0.08283033221960068,0.013447307050228119,0.04164793714880943,3.636028289794922,0.360353022813797,0.8412698412698413,0.0,0.0,0.0,0.0,1.0,1.0,0.005732954945415258,0.0034092366695404053,0.004609107971191406,0.0,0.5376139283180237,0.0,0.0,0.0,0.0,0.0,0.0,0.0,0.0,0.0,0.0,0.0,0.0,0.0,1,1,1.0,1,0.06666666666666676
development/scenario32/2643,scenario32,20,20,1,1,1.0,0.12238015979528427,0.11183618009090424,0.010543979704380035,0.0554153248667717,3.408513069152832,0.4738193154335022,0.31746031746031744,0.0,0.0,0.0,0.0,1.0,1.0,0.0060573178343474865,0.006013453006744385,0.0007276535034179688,0.0,1.008157730102539,0.0,0.0,0.0,0.0,0.0,0.0,0.0,0.0,0.0,0.0,0.0,0.0,0.0,0,1,0.9333333333333332,0,-0.06666666666666676
development/scenario33/572,scenario33,45,42,0,0,0.4666666666666666,0.0485319048166275,0.047939181327819824,0.0005927234888076782,0.005933288484811783,3.73172664642334,0.22979077696800232,0.6666666666666666,0.0,0.0,0.0,0.0,1.0,1.0,0.008795222267508507,0.0016224384307861328,0.008644282817840576,0.0,0.7885243892669678,0.0,0.0,0.0,0.0,0.0,0.0,0.0,0.0,0.0,0.0,0.0,0.0,0.0,0,1,0.8666666666666667,0,0.4000000000000001
development/scenario33/2620,scenario33,16,15,0,1,0.9333333333333332,0.09657476097345352,0.08826825767755508,0.008306503295898438,0.039665162563323975,3.6034913063049316,0.3796252906322479,0.23809523809523808,0.0,0.0,0.0,0.0,1.0,1.0,0.007091630715876818,0.006278693675994873,0.0032968521118164062,0.0,1.012428879737854,0.0,0.0,0.0,0.0,0.0,0.0,0.0,0.0,0.0,0.0,0.0,0.0,0.0,0,1,0.9333333333333332,0,0.0
development/scenario32/3233,scenario32,44,38,0,0,0.13333333333333333,0.07043144106864929,0.06654685735702515,0.0038845837116241455,0.007886260747909546,3.5737478733062744,0.3310551047325134,0.6031746031746031,0.0,0.0,0.0,0.0,1.0,1.0,0.010120895691215992,0.003328859806060791,0.009557783603668213,0.0,0.841431200504303,0.0,0.0,0.0,0.0,0.0,0.0,0.0,0.0,0.0,0.0,0.0,0.0,0.0,1,1,1.0,1,0.8666666666666667
development/scenario32/3354,scenario32,18,19,0,0,0.8000000000000002,0.128128781914711,0.12352968752384186,0.004599094390869141,0.07493376731872559,3.3843815326690674,0.4836091995239258,0.30158730158730157,0.0,0.0,0.0,0.0,1.0,1.0,0.006433579605072737,0.006090760231018066,0.0020720958709716797,0.0,1.0188919305801392,0.0,0.0,0.0,0.0,0.0,0.0,0.0,0.0,0.0,0.0,0.0,0.0,0.0,0,1,0.9333333333333332,0,0.13333333333333308
development/scenario33/2810,scenario33,21,21,1,1,1.0,0.12592588365077972,0.08606847375631332,0.0398574098944664,0.08050360530614853,3.630065679550171,0.3918747007846832,0.3333333333333333,0.0,0.0,0.0,0.0,1.0,1.0,0.003974659834057093,0.003969520330429077,0.00020205974578857422,0.0,1.0027297735214233,0.0,0.0,0.0,0.0,0.0,0.0,0.0,0.0,0.0,0.0,0.0,0.0,0.0,1,1,1.0,0,0.0
development/scenario34/4033,scenario34,9,9,1,1,1.0,0.14994697272777557,0.13568325340747833,0.014263719320297241,0.09379594027996063,3.2863404750823975,0.5313553214073181,0.14285714285714285,0.0,0.0,0.0,0.0,1.0,1.0,0.005995424930006266,0.004619419574737549,0.0038217902183532715,0.0,0.9053511023521423,0.0,0.0,0.0,0.0,0.0,0.0,0.0,0.0,0.0,0.0,0.0,0.0,0.0,1,1,1.0,0,0.0
development/scenario34/1230,scenario34,32,32,1,1,1.0,0.11159367114305496,0.10068127512931824,0.010912396013736725,0.042779020965099335,3.3086252212524414,0.44968119263648987,0.5079365079365079,0.0,0.0,0.0,0.0,1.0,1.0,0.008712400682270527,0.0015200376510620117,0.008578777313232422,0.0,0.6577963829040527,0.0,0.0,0.0,0.0,0.0,0.0,0.0,0.0,0.0,0.0,0.0,0.0,0.0,0,1,0.9333333333333332,0,-0.06666666666666676
development/scenario34/704,scenario34,9,9,1,1,1.0,0.14944706857204437,0.11747346818447113,0.03197360038757324,0.09068530797958374,3.350955009460449,0.5154252052307129,0.14285714285714285,0.0,0.0,0.0,0.0,1.0,1.0,0.003667814191430807,0.0015627145767211914,0.0033182501792907715,0.0,0.9546790719032288,0.0,0.0,0.0,0.0,0.0,0.0,0.0,0.0,0.0,0.0,0.0,0.0,0.0,1,1,1.0,0,0.0
development/scenario33/827,scenario33,22,21,0,1,0.8666666666666667,0.12406767904758453,0.08580376207828522,0.038263916969299316,0.07983981817960739,3.6394593715667725,0.386946439743042,0.3333333333333333,0.0,0.0,0.0,0.0,1.0,1.0,0.004267125390470028,0.004034966230392456,0.0013883113861083984,0.0,1.0051628351211548,0.0,0.0,0.0,0.0,0.0,0.0,0.0,0.0,0.0,0.0,0.0,0.0,0.0,0,1,0.9333333333333332,0,0.06666666666666654
development/scenario34/1300,scenario34,42,43,0,1,0.9333333333333332,0.096507728099823,0.09425299614667892,0.0022547319531440735,0.04827051982283592,3.666194438934326,0.3781431019306183,0.6825396825396826,0.0,0.0,0.0,0.0,1.0,1.0,0.01535346545279026,0.0014635026454925537,0.015283554792404175,0.0,0.4804126024246216,0.0,0.0,0.0,0.0,0.0,0.0,0.0,0.0,0.0,0.0,0.0,0.0,0.0,0,1,0.9333333333333332,0,0.0
development/scenario34/4645,scenario34,35,36,0,1,0.8666666666666667,0.15430107712745667,0.13125111162662506,0.023049965500831604,0.08387657254934311,3.203389883041382,0.5447274446487427,0.5714285714285714,0.0,0.0,0.0,0.0,1.0,1.0,0.011060129851102829,0.0029155313968658447,0.010668933391571045,0.0,0.6192119121551514,0.0,0.0,0.0,0.0,0.0,0.0,0.0,0.0,0.0,0.0,0.0,0.0,0.0,0,1,0.9333333333333332,0,0.06666666666666654
development/scenario34/2842,scenario34,37,36,0,1,0.9333333333333332,0.07110888510942459,0.07065750658512115,0.0004513785243034363,0.026479143649339676,3.7703630924224854,0.3038555979728699,0.5714285714285714,0.0,0.0,0.0,0.0,1.0,1.0,0.006595497950911522,0.0036599338054656982,0.005486845970153809,0.0,0.5897330641746521,0.0,0.0,0.0,0.0,0.0,0.0,0.0,0.0,0.0,0.0,0.0,0.0,0.0,1,1,1.0,1,0.06666666666666676
development/scenario34/4841,scenario34,43,42,0,1,0.8666666666666667,0.12032816559076309,0.11552208662033081,0.0048060789704322815,0.06851905584335327,3.541017532348633,0.4435679316520691,0.6666666666666666,0.0,0.0,0.0,0.0,1.0,1.0,0.01787775754928589,0.0016636550426483154,0.017800182104110718,0.0,0.5204495191574097,0.0,0.0,0.0,0.0,0.0,0.0,0.0,0.0,0.0,0.0,0.0,0.0,0.0,0,1,0.9333333333333332,0,0.06666666666666654
development/scenario32/800,scenario32,20,20,1,1,1.0,0.12606582045555115,0.11969804763793945,0.006367772817611694,0.06649471819400787,3.3803093433380127,0.48546144366264343,0.31746031746031744,0.0,0.0,0.0,0.0,1.0,1.0,0.006626531016081572,0.006438732147216797,0.0015664100646972656,0.0,1.0122705698013306,0.0,0.0,0.0,0.0,0.0,0.0,0.0,0.0,0.0,0.0,0.0,0.0,0.0,1,1,1.0,0,0.0
development/scenario34/1537,scenario34,43,41,0,0,0.7333333333333334,0.1286633014678955,0.11847027391195297,0.010193027555942535,0.08425448834896088,3.50624418258667,0.4530940353870392,0.6507936507936508,0.0,0.0,0.0,0.0,1.0,1.0,0.0167029220610857,0.001664876937866211,0.016619741916656494,0.0,0.5319880247116089,0.0,0.0,0.0,0.0,0.0,0.0,0.0,0.0,0.0,0.0,0.0,0.0,0.0,0,1,0.8666666666666667,0,0.1333333333333333
development/scenario33/2443,scenario33,21,21,1,1,1.0,0.12790440022945404,0.08654241263866425,0.041361987590789795,0.08172990381717682,3.62678599357605,0.39399924874305725,0.3333333333333333,0.0,0.0,0.0,0.0,1.0,1.0,0.004132821690291166,0.00408780574798584,0.0006083250045776367,0.0,1.004865288734436,0.0,0.0,0.0,0.0,0.0,0.0,0.0,0.0,0.0,0.0,0.0,0.0,0.0,1,1,1.0,0,0.0
development/scenario33/963,scenario33,9,9,1,1,1.0,0.05432499200105667,0.05296684801578522,0.0013581439852714539,0.007961567491292953,3.8272030353546143,0.2482556402683258,0.14285714285714285,0.0,0.0,0.0,0.0,1.0,1.0,0.023044122382998466,0.023012056946754456,0.001215219497680664,0.0,1.0153172016143799,0.0,0.0,0.0,0.0,0.0,0.0,0.0,0.0,0.0,0.0,0.0,0.0,0.0,1,1,1.0,0,0.0
development/scenario34/1155,scenario34,10,9,0,1,0.9333333333333332,0.15559951961040497,0.13030292093753815,0.02529659867286682,0.09206906706094742,3.2956011295318604,0.5372505784034729,0.14285714285714285,0.0,0.0,0.0,0.0,1.0,1.0,0.005871733650565147,0.004504144191741943,0.003766953945159912,0.0,0.9171253442764282,0.0,0.0,0.0,0.0,0.0,0.0,0.0,0.0,0.0,0.0,0.0,0.0,0.0,0,1,0.9333333333333332,0,0.0
development/scenario34/3150,scenario34,27,30,0,0,0.5333333333333333,0.09289460629224777,0.08689649403095245,0.005998112261295319,0.012138135731220245,3.2835235595703125,0.43177956342697144,0.47619047619047616,0.0,0.0,0.0,0.0,1.0,1.0,0.003711074125021696,0.0028079748153686523,0.0024263858795166016,0.0,0.6455042958259583,0.0,0.0,0.0,0.0,0.0,0.0,0.0,0.0,0.0,0.0,0.0,0.0,0.0,0,1,0.9333333333333332,0,0.3999999999999999
development/scenario34/4425,scenario34,12,12,1,1,1.0,0.114402174949646,0.11036568880081177,0.0040364861488342285,0.04152814298868179,3.3253588676452637,0.48412564396858215,0.19047619047619047,0.0,0.0,0.0,0.0,1.0,1.0,0.024517808109521866,0.02416074275970459,0.004169106483459473,0.0,0.8400840759277344,0.0,0.0,0.0,0.0,0.0,0.0,0.0,0.0,0.0,0.0,0.0,0.0,0.0,1,1,1.0,0,0.0
development/scenario34/3702,scenario34,41,37,0,0,0.26666666666666666,0.051328860223293304,0.0484335720539093,0.0028952881693840027,0.012119516730308533,3.9268577098846436,0.22738367319107056,0.5873015873015873,0.0,0.0,0.0,0.0,1.0,1.0,0.01361894141882658,0.013185620307922363,0.003408074378967285,0.0,0.6086207628250122,0.0,0.0,0.0,0.0,0.0,0.0,0.0,0.0,0.0,0.0,0.0,0.0,0.0,1,1,1.0,1,0.7333333333333334
development/scenario32/1891,scenario32,16,16,1,1,1.0,0.19048942625522614,0.14634647965431213,0.044142946600914,0.14950798451900482,3.2870585918426514,0.5426809787750244,0.25396825396825395,0.0,0.0,0.0,0.0,1.0,1.0,0.006396723911166191,0.0062677860260009766,0.0012778639793395996,0.0,1.0567641258239746,0.0,0.0,0.0,0.0,0.0,0.0,0.0,0.0,0.0,0.0,0.0,0.0,0.0,1,1,1.0,0,0.0
development/scenario32/597,scenario32,25,25,1,1,1.0,0.14002108573913574,0.11026627570390701,0.02975481003522873,0.07796427607536316,3.2608187198638916,0.4875434637069702,0.3968253968253968,0.0,0.0,0.0,0.0,1.0,1.0,0.006516936235129833,0.0064615607261657715,0.0008477568626403809,0.0,0.9723223447799683,0.0,0.0,0.0,0.0,0.0,0.0,0.0,0.0,0.0,0.0,0.0,0.0,0.0,1,1,1.0,0,0.0
development/scenario32/2317,scenario32,16,16,1,1,1.0,0.19002054631710052,0.14743779599666595,0.04258275032043457,0.15012513101100922,3.289393424987793,0.5414239764213562,0.25396825396825395,0.0,0.0,0.0,0.0,1.0,1.0,0.00647974805906415,0.006360352039337158,0.0012381672859191895,0.0,1.0577924251556396,0.0,0.0,0.0,0.0,0.0,0.0,0.0,0.0,0.0,0.0,0.0,0.0,0.0,1,1,1.0,0,0.0
development/scenario33/339,scenario33,27,27,1,1,1.0,0.12846152484416962,0.12729594111442566,0.0011655837297439575,0.0658363550901413,3.2145934104919434,0.5027015209197998,0.42857142857142855,0.0,0.0,0.0,0.0,1.0,1.0,0.006189769133925438,0.0036847293376922607,0.0049735307693481445,0.0,0.90105140209198,0.0,0.0,0.0,0.0,0.0,0.0,0.0,0.0,0.0,0.0,0.0,0.0,0.0,0,1,0.9333333333333332,0,-0.06666666666666676
development/scenario34/4096,scenario34,17,37,0,0,0.0,0.14840266108512878,0.12686532735824585,0.021537333726882935,0.07694710791110992,3.264580011367798,0.5422166585922241,0.5873015873015873,0.0,0.0,0.0,0.0,1.0,1.0,0.012392249889671803,0.0015361011028289795,0.012296676635742188,0.0,0.6081556081771851,0.0,0.0,0.0,0.0,0.0,0.0,0.0,0.0,0.0,0.0,0.0,0.0,0.0,0,0,0.0,0,0.0
development/scenario33/3320,scenario33,21,21,1,1,1.0,0.13635794818401337,0.10056938976049423,0.035788558423519135,0.08496437966823578,3.507066011428833,0.44047993421554565,0.3333333333333333,0.0,0.0,0.0,0.0,1.0,1.0,0.004997025243937969,0.00424996018409729,0.002628326416015625,0.0,0.9836894869804382,0.0,0.0,0.0,0.0,0.0,0.0,0.0,0.0,0.0,0.0,0.0,0.0,0.0,1,1,1.0,0,0.0
development/scenario34/1205,scenario34,21,21,1,1,1.0,0.06328355520963669,0.06307488679885864,0.00020866841077804565,0.013036053627729416,3.575812816619873,0.28724709153175354,0.3333333333333333,0.0,0.0,0.0,0.0,1.0,1.0,0.008229311555624008,0.005318045616149902,0.006280124187469482,0.0,0.7500013709068298,0.0,0.0,0.0,0.0,0.0,0.0,0.0,0.0,0.0,0.0,0.0,0.0,0.0,1,1,1.0,0,0.0
development/scenario33/3447,scenario33,16,16,1,1,1.0,0.06335510313510895,0.061391595751047134,0.0019635073840618134,0.01422373577952385,3.7834506034851074,0.2787896394729614,0.25396825396825395,0.0,0.0,0.0,0.0,1.0,1.0,0.0023777084425091743,0.0014566481113433838,0.001879274845123291,0.0,1.0452871322631836,0.0,0.0,0.0,0.0,0.0,0.0,0.0,0.0,0.0,0.0,0.0,0.0,0.0,0,1,0.8666666666666667,0,-0.1333333333333333
development/scenario32/2682,scenario32,19,19,1,1,1.0,0.14457596838474274,0.13095420598983765,0.01362176239490509,0.07017549872398376,3.285923480987549,0.5281874537467957,0.30158730158730157,0.0,0.0,0.0,0.0,1.0,1.0,0.006436721887439489,0.0063190460205078125,0.0012251734733581543,0.0,1.0320183038711548,0.0,0.0,0.0,0.0,0.0,0.0,0.0,0.0,0.0,0.0,0.0,0.0,0.0,1,1,1.0,0,0.0
development/scenario32/1042,scenario32,24,27,0,0,0.4666666666666666,0.1283208578824997,0.12779168784618378,0.000529170036315918,0.06600405275821686,3.2145142555236816,0.5025895237922668,0.42857142857142855,0.0,0.0,0.0,0.0,1.0,1.0,0.006610247306525707,0.0036850273609161377,0.005487799644470215,0.0,0.9029453992843628,0.0,0.0,0.0,0.0,0.0,0.0,0.0,0.0,0.0,0.0,0.0,0.0,0.0,0,1,0.9333333333333332,0,0.4666666666666666
development/scenario33/4387,scenario33,19,19,1,1,1.0,0.07137725502252579,0.06733304262161255,0.0040442124009132385,0.029751241207122803,3.773744583129883,0.2840232253074646,0.30158730158730157,0.0,0.0,0.0,0.0,1.0,1.0,0.003292069071903825,0.002765953540802002,0.0017852783203125,0.0,1.0236245393753052,0.0,0.0,0.0,0.0,0.0,0.0,0.0,0.0,0.0,0.0,0.0,0.0,0.0,1,1,1.0,0,0.0
development/scenario32/2877,scenario32,13,12,0,1,0.9333333333333332,0.05904737114906311,0.055328093469142914,0.0037192776799201965,0.013502370566129684,3.8236236572265625,0.26644718647003174,0.19047619047619047,0.0,0.0,0.0,0.0,1.0,1.0,0.0021241148933768272,0.000767052173614502,0.0019807815551757812,0.0,1.0753283500671387,0.0,0.0,0.0,0.0,0.0,0.0,0.0,0.0,0.0,0.0,0.0,0.0,0.0,0,0,0.7333333333333334,0,-0.19999999999999984
development/scenario32/3222,scenario32,36,33,0,0,0.4666666666666666,0.10530385375022888,0.10219082981348038,0.0031130239367485046,0.034817956387996674,3.305738925933838,0.44146838784217834,0.5238095238095238,0.0,0.0,0.0,0.0,1.0,1.0,0.00978780910372734,0.0033395886421203613,0.009200453758239746,0.0,0.8728697299957275,0.0,0.0,0.0,0.0,0.0,0.0,0.0,0.0,0.0,0.0,0.0,0.0,0.0,1,1,1.0,1,0.5333333333333334
development/scenario34/427,scenario34,36,37,0,1,0.8666666666666667,0.06211395561695099,0.0584181472659111,0.0036958083510398865,0.017568465322256088,3.8160433769226074,0.2697291076183319,0.5873015873015873,0.0,0.0,0.0,0.0,1.0,1.0,0.009064341895282269,0.007391765713691711,0.005246341228485107,0.0,0.5799628496170044,0.0,0.0,0.0,0.0,0.0,0.0,0.0,0.0,0.0,0.0,0.0,0.0,0.0,1,1,1.0,1,0.1333333333333333
development/scenario33/3334,scenario33,20,21,0,1,0.8666666666666667,0.1295938640832901,0.08832715451717377,0.04126670956611633,0.08228987455368042,3.6184637546539307,0.3982387185096741,0.3333333333333333,0.0,0.0,0.0,0.0,1.0,1.0,0.004091454204171896,0.0040474534034729,0.0005984306335449219,0.0,1.0030111074447632,0.0,0.0,0.0,0.0,0.0,0.0,0.0,0.0,0.0,0.0,0.0,0.0,0.0,0,1,0.8666666666666667,0,0.0
development/scenario33/3492,scenario33,9,5,0,1,0.5333333333333333,0.05441770702600479,0.05210307613015175,0.0023146308958530426,0.008129604160785675,3.8291232585906982,0.2526569962501526,0.07936507936507936,0.0,0.0,0.0,0.0,1.0,1.0,0.01980295032262802,0.019802257418632507,0.00016570091247558594,0.0,1.0125585794448853,0.0,0.0,0.0,0.0,0.0,0.0,0.0,0.0,0.0,0.0,0.0,0.0,0.0,1,1,1.0,1,0.4666666666666667
development/scenario34/1153,scenario34,9,9,1,1,1.0,0.15627683699131012,0.12764975428581238,0.02862708270549774,0.09017311036586761,3.3019814491271973,0.5366742610931396,0.14285714285714285,0.0,0.0,0.0,0.0,1.0,1.0,0.006267222110182047,0.004988610744476318,0.003793656826019287,0.0,0.9223880171775818,0.0,0.0,0.0,0.0,0.0,0.0,0.0,0.0,0.0,0.0,0.0,0.0,0.0,1,1,1.0,0,0.0
development/scenario33/733,scenario33,4,21,0,0,0.0,0.12845546007156372,0.08738496154546738,0.041070498526096344,0.08171775937080383,3.622431755065918,0.39614546298980713,0.3333333333333333,0.0,0.0,0.0,0.0,1.0,1.0,0.004038885701447725,0.003990381956100464,0.0006240606307983398,0.0,1.003016471862793,0.0,0.0,0.0,0.0,0.0,0.0,0.0,0.0,0.0,0.0,0.0,0.0,0.0,0,0,0.0,0,0.0
development/scenario33/4135,scenario33,19,19,1,1,1.0,0.17275521159172058,0.13227759301662445,0.04047761857509613,0.11272472143173218,3.2362029552459717,0.5437496900558472,0.30158730158730157,0.0,0.0,0.0,0.0,1.0,1.0,0.0029500580858439207,0.0017839372158050537,0.002349555492401123,0.0,0.9597023129463196,0.0,0.0,0.0,0.0,0.0,0.0,0.0,0.0,0.0,0.0,0.0,0.0,0.0,1,1,1.0,0,0.0
development/scenario32/63,scenario32,12,19,0,0,0.0,0.06979957967996597,0.05920187011361122,0.010597709566354752,0.025560278445482254,3.7739124298095703,0.2772555947303772,0.30158730158730157,0.0,0.0,0.0,0.0,1.0,1.0,0.009107723832130432,0.00622519850730896,0.006648123264312744,0.0,1.0244803428649902,0.0,0.0,0.0,0.0,0.0,0.0,0.0,0.0,0.0,0.0,0.0,0.0,0.0,1,1,1.0,1,1.0
development/scenario32/479,scenario32,19,21,0,0,0.6666666666666666,0.11655615270137787,0.1005699560046196,0.01598619669675827,0.05801522731781006,3.4607582092285156,0.4364200830459595,0.3333333333333333,0.0,0.0,0.0,0.0,1.0,1.0,0.01135322917252779,0.0038414299488067627,0.010683596134185791,0.0,0.9583340883255005,0.0,0.0,0.0,0.0,0.0,0.0,0.0,0.0,0.0,0.0,0.0,0.0,0.0,0,1,0.9333333333333332,0,0.2666666666666666
development/scenario33/1620,scenario33,19,19,1,1,1.0,0.16141541302204132,0.11931633204221725,0.042099080979824066,0.0985911563038826,3.2734410762786865,0.5294973254203796,0.30158730158730157,0.0,0.0,0.0,0.0,1.0,1.0,0.007439387496560812,0.00130462646484375,0.007324099540710449,0.0,0.9423060417175293,0.0,0.0,0.0,0.0,0.0,0.0,0.0,0.0,0.0,0.0,0.0,0.0,0.0,1,1,1.0,0,0.0
development/scenario33/4038,scenario33,18,19,0,1,0.9333333333333332,0.17714565992355347,0.13861696422100067,0.038528695702552795,0.1233319640159607,3.2173500061035156,0.5483679175376892,0.30158730158730157,0.0,0.0,0.0,0.0,1.0,1.0,0.0022761726286262274,0.0017033815383911133,0.0015097856521606445,0.0,0.9621003270149231,0.0,0.0,0.0,0.0,0.0,0.0,0.0,0.0,0.0,0.0,0.0,0.0,0.0,0,1,0.9333333333333332,0,0.0
development/scenario33/3894,scenario33,11,10,0,1,0.9333333333333332,0.05538509413599968,0.05376789718866348,0.001617196947336197,0.011760205030441284,3.818115472793579,0.2564229369163513,0.15873015873015872,0.0,0.0,0.0,0.0,1.0,1.0,0.009865176863968372,0.009826481342315674,0.0008729100227355957,0.0,1.017356276512146,0.0,0.0,0.0,0.0,0.0,0.0,0.0,0.0,0.0,0.0,0.0,0.0,0.0,0,1,0.7999999999999999,0,-0.1333333333333333
development/scenario32/695,scenario32,24,25,0,1,0.9333333333333332,0.09708017110824585,0.09284168481826782,0.004238486289978027,0.019328594207763672,3.3706912994384766,0.43406981229782104,0.3968253968253968,0.0,0.0,0.0,0.0,1.0,1.0,0.006674148142337799,0.006520450115203857,0.0014240741729736328,0.0,0.9865719676017761,0.0,0.0,0.0,0.0,0.0,0.0,0.0,0.0,0.0,0.0,0.0,0.0,0.0,0,1,0.9333333333333332,0,0.0
development/scenario33/2897,scenario33,7,9,0,0,0.6,0.053523700684309006,0.05294760316610336,0.0005760975182056427,0.00759737566113472,3.834003448486328,0.24603793025016785,0.14285714285714285,0.0,0.0,0.0,0.0,1.0,1.0,0.01878422126173973,0.018771588802337646,0.0006887912750244141,0.0,1.018333077430725,0.0,0.0,0.0,0.0,0.0,0.0,0.0,0.0,0.0,0.0,0.0,0.0,0.0,0,0,0.6666666666666666,0,0.06666666666666665
development/scenario33/2583,scenario33,11,9,0,1,0.7999999999999999,0.058631718158721924,0.05710485950112343,0.0015268586575984955,0.01161561906337738,3.7873997688293457,0.26048195362091064,0.14285714285714285,0.0,0.0,0.0,0.0,1.0,1.0,0.003904256969690323,0.003833085298538208,0.0007420778274536133,0.0,0.9934174418449402,0.0,0.0,0.0,0.0,0.0,0.0,0.0,0.0,0.0,0.0,0.0,0.0,0.0,0,1,0.9333333333333332,0,0.1333333333333333
development/scenario34/4463,scenario34,7,6,0,1,0.9333333333333332,0.10247339308261871,0.09534059464931488,0.007132798433303833,0.05334096401929855,3.6385366916656494,0.39205750823020935,0.09523809523809523,0.0,0.0,0.0,0.0,1.0,1.0,0.0038331595715135336,0.00013130903244018555,0.0038309097290039062,0.0,1.0852360725402832,0.0,0.0,0.0,0.0,0.0,0.0,0.0,0.0,0.0,0.0,0.0,0.0,0.0,0,1,0.9333333333333332,0,0.0
development/scenario33/2940,scenario33,13,12,0,1,0.9333333333333332,0.06432950496673584,0.05954102799296379,0.004788476973772049,0.01361754909157753,3.75583553314209,0.2860434651374817,0.19047619047619047,0.0,0.0,0.0,0.0,1.0,1.0,0.008880769833922386,0.008754700422286987,0.0014910697937011719,0.0,1.0096385478973389,0.0,0.0,0.0,0.0,0.0,0.0,0.0,0.0,0.0,0.0,0.0,0.0,0.0,0,1,0.9333333333333332,0,0.0
development/scenario33/2281,scenario33,24,24,1,1,1.0,0.09312627464532852,0.09206206351518631,0.001064211130142212,0.007842481136322021,3.4029040336608887,0.44415658712387085,0.38095238095238093,0.0,0.0,0.0,0.0,1.0,1.0,0.006620762869715691,0.004766732454299927,0.004594862461090088,0.0,0.9478416442871094,0.0,0.0,0.0,0.0,0.0,0.0,0.0,0.0,0.0,0.0,0.0,0.0,0.0,0,1,0.9333333333333332,0,-0.06666666666666676
development/scenario34/520,scenario34,43,42,0,1,0.8666666666666667,0.12173433601856232,0.11392347514629364,0.007810860872268677,0.06446128338575363,3.5263571739196777,0.4471425414085388,0.6666666666666666,0.0,0.0,0.0,0.0,1.0,1.0,0.004145990591496229,0.0037220120429992676,0.0018264353275299072,0.0,0.4958721995353699,0.0,0.0,0.0,0.0,0.0,0.0,0.0,0.0,0.0,0.0,0.0,0.0,0.0,0,1,0.9333333333333332,0,0.06666666666666654
development/scenario33/3036,scenario33,37,37,1,1,1.0,0.0896296575665474,0.08643180131912231,0.0031978562474250793,0.032163698226213455,3.4589948654174805,0.3837081491947174,0.5873015873015873,0.0,0.0,0.0,0.0,1.0,1.0,0.010433067567646503,0.0010944902896881104,0.010375499725341797,0.0,0.8294594883918762,0.0,0.0,0.0,0.0,0.0,0.0,0.0,0.0,0.0,0.0,0.0,0.0,0.0,0,1,0.8666666666666667,0,-0.1333333333333333
development/scenario32/743,scenario32,21,20,0,1,0.8666666666666667,0.1259194165468216,0.11859767884016037,0.007321737706661224,0.0655389353632927,3.381700038909912,0.48479339480400085,0.31746031746031744,0.0,0.0,0.0,0.0,1.0,1.0,0.00662465812638402,0.006479322910308838,0.0013800263404846191,0.0,1.0118082761764526,0.0,0.0,0.0,0.0,0.0,0.0,0.0,0.0,0.0,0.0,0.0,0.0,0.0,1,1,1.0,1,0.1333333333333333
development/scenario33/183,scenario33,27,28,0,1,0.9333333333333332,0.13260629773139954,0.1158764436841011,0.01672985404729843,0.062346190214157104,3.2522225379943848,0.4943961203098297,0.4444444444444444,0.0,0.0,0.0,0.0,1.0,1.0,0.00629671523347497,0.001122891902923584,0.006195783615112305,0.0,0.8542969822883606,0.0,0.0,0.0,0.0,0.0,0.0,0.0,0.0,0.0,0.0,0.0,0.0,0.0,1,1,1.0,1,0.06666666666666676
development/scenario32/722,scenario32,21,20,0,1,0.9333333333333332,0.11401555687189102,0.11147536337375641,0.002540193498134613,0.058628395199775696,3.412527322769165,0.4490180015563965,0.31746031746031744,0.0,0.0,0.0,0.0,1.0,1.0,0.006437234580516815,0.006437182426452637,2.586841583251953e-05,0.0,1.00167715549469,0.0,0.0,0.0,0.0,0.0,0.0,0.0,0.0,0.0,0.0,0.0,0.0,0.0,1,1,1.0,1,0.06666666666666676
development/scenario34/1503,scenario34,33,33,1,1,1.0,0.09872770309448242,0.09754688292741776,0.0011808201670646667,0.04160831496119499,3.452559471130371,0.39870089292526245,0.5238095238095238,0.0,0.0,0.0,0.0,1.0,1.0,0.012462596409022808,0.002365410327911377,0.012236058712005615,0.0,0.6501415967941284,0.0,0.0,0.0,0.0,0.0,0.0,0.0,0.0,0.0,0.0,0.0,0.0,0.0,1,1,1.0,0,0.0
development/scenario33/520,scenario33,21,19,0,1,0.7999999999999999,0.11142479628324509,0.11139648407697678,2.8312206268310547e-05,0.04316779971122742,3.421536445617676,0.469221293926239,0.30158730158730157,0.0,0.0,0.0,0.0,1.0,1.0,0.008477248251438141,0.001741260290145874,0.008296489715576172,0.0,0.9381096363067627,0.0,0.0,0.0,0.0,0.0,0.0,0.0,0.0,0.0,0.0,0.0,0.0,0.0,1,1,1.0,1,0.20000000000000007
development/scenario34/447,scenario34,33,36,0,1,0.6666666666666666,0.10482572019100189,0.09933999180793762,0.00548572838306427,0.03190523386001587,3.393206834793091,0.4501502215862274,0.5714285714285714,0.0,0.0,0.0,0.0,1.0,1.0,0.012601667083799839,0.009420424699783325,0.008370041847229004,0.0,0.6126421689987183,0.0,0.0,0.0,0.0,0.0,0.0,0.0,0.0,0.0,0.0,0.0,0.0,0.0,1,1,1.0,1,0.33333333333333337
development/scenario34/2798,scenario34,48,46,0,0,0.6,0.059252239763736725,0.056003544479608536,0.003248695284128189,0.011749856173992157,3.704514980316162,0.27236947417259216,0.7301587301587301,0.0,0.0,0.0,0.0,1.0,1.0,0.004806663375347853,0.0015187710523605347,0.004560410976409912,0.0,0.5503904223442078,0.0,0.0,0.0,0.0,0.0,0.0,0.0,0.0,0.0,0.0,0.0,0.0,0.0,1,1,1.0,1,0.4
development/scenario32/749,scenario32,21,20,0,1,0.8666666666666667,0.12604625523090363,0.11950809508562088,0.006538160145282745,0.06630448997020721,3.380403757095337,0.48536255955696106,0.31746031746031744,0.0,0.0,0.0,0.0,1.0,1.0,0.006674980279058218,0.006429135799407959,0.0017948746681213379,0.0,1.0121840238571167,0.0,0.0,0.0,0.0,0.0,0.0,0.0,0.0,0.0,0.0,0.0,0.0,0.0,1,1,1.0,1,0.1333333333333333
development/scenario33/3467,scenario33,15,11,0,0,0.26666666666666666,0.05338352546095848,0.05307142436504364,0.0003121010959148407,0.006489969789981842,3.850327253341675,0.2535415589809418,0.1746031746031746,0.0,0.0,0.0,0.0,1.0,1.0,0.009044122882187366,0.008800387382507324,0.0020855069160461426,0.0,1.047202229499817,0.0,0.0,0.0,0.0,0.0,0.0,0.0,0.0,0.0,0.0,0.0,0.0,0.0,1,1,1.0,1,0.7333333333333334
development/scenario34/694,scenario34,8,7,0,1,0.9333333333333332,0.10648559778928757,0.0996282696723938,0.006857328116893768,0.04028937220573425,3.4695115089416504,0.46067893505096436,0.1111111111111111,0.0,0.0,0.0,0.0,1.0,1.0,0.0035370260011404753,0.0014720559120178223,0.0032161474227905273,0.0,1.0038988590240479,0.0,0.0,0.0,0.0,0.0,0.0,0.0,0.0,0.0,0.0,0.0,0.0,0.0,0,1,0.9333333333333332,0,0.0
development/scenario34/533,scenario34,40,41,0,1,0.9333333333333332,0.12748290598392487,0.11436174064874649,0.013121165335178375,0.04874426871538162,3.3702054023742676,0.5053683519363403,0.6507936507936508,0.0,0.0,0.0,0.0,1.0,1.0,0.003986968658864498,0.003245145082473755,0.0023162364959716797,0.0,0.5214946866035461,0.0,0.0,0.0,0.0,0.0,0.0,0.0,0.0,0.0,0.0,0.0,0.0,0.0,0,1,0.9333333333333332,0,0.0
development/scenario32/537,scenario32,42,41,0,1,0.9333333333333332,0.05729473754763603,0.05526053532958031,0.002034202218055725,0.008837524801492691,3.684417963027954,0.2648198902606964,0.6507936507936508,0.0,0.0,0.0,0.0,1.0,1.0,0.007188877090811729,0.0060364603996276855,0.003903985023498535,0.0,0.8799460530281067,0.0,0.0,0.0,0.0,0.0,0.0,0.0,0.0,0.0,0.0,0.0,0.0,0.0,1,1,1.0,1,0.06666666666666676
development/scenario32/2103,scenario32,15,20,0,0,0.1333333333333333,0.08112213760614395,0.07238331437110901,0.008738823235034943,0.03580479323863983,3.731545925140381,0.3220314383506775,0.31746031746031744,0.0,0.0,0.0,0.0,1.0,1.0,0.009594414383172989,0.005365937948226929,0.00795358419418335,0.0,1.0124757289886475,0.0,0.0,0.0,0.0,0.0,0.0,0.0,0.0,0.0,0.0,0.0,0.0,0.0,1,1,1.0,1,0.8666666666666667
development/scenario34/179,scenario34,38,38,1,1,1.0,0.15538552403450012,0.12365498393774033,0.031730540096759796,0.09463408589363098,3.3065507411956787,0.5256554484367371,0.6031746031746031,0.0,0.0,0.0,0.0,1.0,1.0,0.003927226178348064,0.0037476420402526855,0.0011740028858184814,0.0,0.5384895205497742,0.0,0.0,0.0,0.0,0.0,0.0,0.0,0.0,0.0,0.0,0.0,0.0,0.0,1,1,1.0,0,0.0
development/scenario33/760,scenario33,21,21,1,1,1.0,0.12384428083896637,0.08576828241348267,0.038075998425483704,0.0797671228647232,3.6406378746032715,0.38632142543792725,0.3333333333333333,0.0,0.0,0.0,0.0,1.0,1.0,0.0042718322947621346,0.0040396153926849365,0.0013892650604248047,0.0,1.0055373907089233,0.0,0.0,0.0,0.0,0.0,0.0,0.0,0.0,0.0,0.0,0.0,0.0,0.0,1,1,1.0,0,0.0
development/scenario34/4889,scenario34,35,36,0,1,0.9333333333333332,0.1489371657371521,0.12939460575580597,0.01954255998134613,0.08050957322120667,3.160494804382324,0.5504233837127686,0.5714285714285714,0.0,0.0,0.0,0.0,1.0,1.0,0.004374978132545948,0.0036812126636505127,0.002364128828048706,0.0,0.5919779539108276,0.0,0.0,0.0,0.0,0.0,0.0,0.0,0.0,0.0,0.0,0.0,0.0,0.0,0,1,0.9333333333333332,0,0.0
development/scenario34/4622,scenario34,32,33,0,0,0.8000000000000002,0.08807198703289032,0.07909580320119858,0.008976183831691742,0.009812109172344208,3.512146472930908,0.4023956060409546,0.5238095238095238,0.0,0.0,0.0,0.0,1.0,1.0,0.011358210816979408,0.008923083543777466,0.007027626037597656,0.0,0.621141254901886,0.0,0.0,0.0,0.0,0.0,0.0,0.0,0.0,0.0,0.0,0.0,0.0,0.0,1,1,1.0,1,0.19999999999999984
development/scenario33/3014,scenario33,25,25,1,1,1.0,0.12584172189235687,0.10673906654119492,0.019102655351161957,0.05774150788784027,3.300426483154297,0.4775392413139343,0.3968253968253968,0.0,0.0,0.0,0.0,1.0,1.0,0.008988023735582829,0.0020983517169952393,0.008739650249481201,0.0,0.9017388224601746,0.0,0.0,0.0,0.0,0.0,0.0,0.0,0.0,0.0,0.0,0.0,0.0,0.0,1,1,1.0,0,0.0
development/scenario34/3038,scenario34,43,43,1,1,1.0,0.09479988366365433,0.08523265272378922,0.009567230939865112,0.04281547665596008,3.6928162574768066,0.3641206622123718,0.6825396825396826,0.0,0.0,0.0,0.0,1.0,1.0,0.010527949780225754,0.0014754533767700195,0.010424047708511353,0.0,0.4701426029205322,0.0,0.0,0.0,0.0,0.0,0.0,0.0,0.0,0.0,0.0,0.0,0.0,0.0,1,1,1.0,0,0.0
development/scenario32/1294,scenario32,37,36,0,1,0.9333333333333332,0.10313811153173447,0.09922962635755539,0.003908485174179077,0.03812483698129654,3.375814199447632,0.4290328621864319,0.5714285714285714,0.0,0.0,0.0,0.0,1.0,1.0,0.006254415959119797,0.006158292293548584,0.0010923147201538086,0.0,0.9000751972198486,0.0,0.0,0.0,0.0,0.0,0.0,0.0,0.0,0.0,0.0,0.0,0.0,0.0,0,1,0.9333333333333332,0,0.0
development/scenario32/443,scenario32,11,12,0,1,0.9333333333333332,0.05487004667520523,0.05453415587544441,0.0003358907997608185,0.007836304605007172,3.8356406688690186,0.25897398591041565,0.19047619047619047,0.0,0.0,0.0,0.0,1.0,1.0,0.015063776634633541,0.014546215534210205,0.0039147138595581055,0.0,1.0430971384048462,0.0,0.0,0.0,0.0,0.0,0.0,0.0,0.0,0.0,0.0,0.0,0.0,0.0,1,1,1.0,1,0.06666666666666676
development/scenario33/51,scenario33,5,5,1,1,1.0,0.07270980626344681,0.0655352920293808,0.0071745142340660095,0.024500511586666107,3.7621254920959473,0.3039967119693756,0.07936507936507936,0.0,0.0,0.0,0.0,1.0,1.0,0.0013470484409481287,0.0011397451162338257,0.0007179975509643555,0.0,0.9798073172569275,0.0,0.0,0.0,0.0,0.0,0.0,0.0,0.0,0.0,0.0,0.0,0.0,0.0,1,1,1.0,0,0.0
development/scenario32/789,scenario32,21,20,0,1,0.8666666666666667,0.12596186995506287,0.11891583353281021,0.007046036422252655,0.06584520637989044,3.3814101219177246,0.48499795794487,0.31746031746031744,0.0,0.0,0.0,0.0,1.0,1.0,0.006666269153356552,0.006433069705963135,0.0017477869987487793,0.0,1.01201331615448,0.0,0.0,0.0,0.0,0.0,0.0,0.0,0.0,0.0,0.0,0.0,0.0,0.0,0,1,0.9333333333333332,0,0.06666666666666654
development/scenario34/912,scenario34,43,42,0,1,0.9333333333333332,0.09531690180301666,0.09528005868196487,3.684312105178833e-05,0.05014751851558685,3.6719343662261963,0.3729097843170166,0.6666666666666666,0.0,0.0,0.0,0.0,1.0,1.0,0.011500847525894642,0.00160902738571167,0.011387735605239868,0.0,0.4922579824924469,0.0,0.0,0.0,0.0,0.0,0.0,0.0,0.0,0.0,0.0,0.0,0.0,0.0,1,1,1.0,1,0.06666666666666676
development/scenario33/2401,scenario33,21,21,1,1,1.0,0.13107410073280334,0.08957430720329285,0.0414997935295105,0.08432964235544205,3.6125519275665283,0.4011939764022827,0.3333333333333333,0.0,0.0,0.0,0.0,1.0,1.0,0.004357840865850449,0.004108607769012451,0.001452624797821045,0.0,1.0028043985366821,0.0,0.0,0.0,0.0,0.0,0.0,0.0,0.0,0.0,0.0,0.0,0.0,0.0,1,1,1.0,0,0.0
development/scenario34/1496,scenario34,29,28,0,1,0.9333333333333332,0.06481752544641495,0.06264952570199966,0.002167999744415283,0.015726499259471893,3.7141759395599365,0.2906317114830017,0.4444444444444444,0.0,0.0,0.0,0.0,1.0,1.0,0.011065728031098843,0.0020108819007873535,0.010881483554840088,0.0,0.6697429418563843,0.0,0.0,0.0,0.0,0.0,0.0,0.0,0.0,0.0,0.0,0.0,0.0,0.0,1,1,1.0,1,0.06666666666666676
development/scenario34/3302,scenario34,43,43,1,1,1.0,0.0937119647860527,0.08930236101150513,0.004409603774547577,0.04085533320903778,3.6859588623046875,0.37280625104904175,0.6825396825396826,0.0,0.0,0.0,0.0,1.0,1.0,0.003940055146813393,0.0030111372470855713,0.002541080117225647,0.0,0.4698781371116638,0.0,0.0,0.0,0.0,0.0,0.0,0.0,0.0,0.0,0.0,0.0,0.0,0.0,1,1,1.0,0,0.0
development/scenario33/2216,scenario33,47,41,0,0,0.06666666666666665,0.05635576695203781,0.05472567677497864,0.0016300901770591736,0.01003894954919815,3.7033238410949707,0.254921019077301,0.6507936507936508,0.0,0.0,0.0,0.0,1.0,1.0,0.011211706325411797,0.0017923712730407715,0.011067509651184082,0.0,0.7956322431564331,0.0,0.0,0.0,0.0,0.0,0.0,0.0,0.0,0.0,0.0,0.0,0.0,0.0,1,1,1.0,1,0.9333333333333333
development/scenario34/4249,scenario34,23,25,0,0,0.6,0.0438283234834671,0.043295808136463165,0.0005325153470039368,0.003335006535053253,3.9145123958587646,0.21119043231010437,0.3968253968253968,0.0,0.0,0.0,0.0,1.0,1.0,0.010984603315591812,0.0015642046928405762,0.01087266206741333,0.0,0.6989434361457825,0.0,0.0,0.0,0.0,0.0,0.0,0.0,0.0,0.0,0.0,0.0,0.0,0.0,0,1,0.8666666666666667,0,0.2666666666666667
development/scenario34/4595,scenario34,38,38,1,1,1.0,0.050773441791534424,0.04777810350060463,0.0029953382909297943,0.003934711217880249,3.8324849605560303,0.24035972356796265,0.6031746031746031,0.0,0.0,0.0,0.0,1.0,1.0,0.007949077524244785,0.006111174821853638,0.005083441734313965,0.0,0.5757881999015808,0.0,0.0,0.0,0.0,0.0,0.0,0.0,0.0,0.0,0.0,0.0,0.0,0.0,1,1,1.0,0,0.0
development/scenario33/1803,scenario33,22,21,0,1,0.8666666666666667,0.11587390303611755,0.08564691245555878,0.030226990580558777,0.07573552429676056,3.6671807765960693,0.3703984022140503,0.3333333333333333,0.0,0.0,0.0,0.0,1.0,1.0,0.0040967524982988834,0.004083514213562012,0.00032907724380493164,0.0,1.0094414949417114,0.0,0.0,0.0,0.0,0.0,0.0,0.0,0.0,0.0,0.0,0.0,0.0,0.0,0,1,0.9333333333333332,0,0.06666666666666654
development/scenario33/3901,scenario33,7,9,0,0,0.6,0.054854970425367355,0.053903620690107346,0.0009513497352600098,0.008300065994262695,3.822256565093994,0.24944384396076202,0.14285714285714285,0.0,0.0,0.0,0.0,1.0,1.0,0.01269462238997221,0.012681856751441956,0.0005691647529602051,0.0,1.0130228996276855,0.0,0.0,0.0,0.0,0.0,0.0,0.0,0.0,0.0,0.0,0.0,0.0,0.0,0,0,0.6666666666666666,0,0.06666666666666665
development/scenario34/4699,scenario34,54,53,0,1,0.9333333333333332,0.09407848864793777,0.08219541609287262,0.011883072555065155,0.03943413123488426,3.6602795124053955,0.35410332679748535,0.8412698412698413,0.0,0.0,0.0,0.0,1.0,1.0,0.004557454492896795,0.00035045668482780457,0.004543960094451904,0.0,0.5363432765007019,0.0,0.0,0.0,0.0,0.0,0.0,0.0,0.0,0.0,0.0,0.0,0.0,0.0,1,1,1.0,1,0.06666666666666676
development/scenario33/3437,scenario33,14,19,0,0,0.1333333333333333,0.06142636016011238,0.0552402026951313,0.006186157464981079,0.01448068767786026,3.794213056564331,0.2625024616718292,0.30158730158730157,0.0,0.0,0.0,0.0,1.0,1.0,0.0035224640741944313,0.0033711493015289307,0.0010213255882263184,0.0,1.0373350381851196,0.0,0.0,0.0,0.0,0.0,0.0,0.0,0.0,0.0,0.0,0.0,0.0,0.0,0,1,0.8666666666666667,0,0.7333333333333334
development/scenario32/663,scenario32,25,25,1,1,1.0,0.10791034251451492,0.09905557334423065,0.008854769170284271,0.031259238719940186,3.349933385848999,0.44230347871780396,0.3968253968253968,0.0,0.0,0.0,0.0,1.0,1.0,0.006663136649876833,0.006430923938751221,0.0017437338829040527,0.0,0.9841246604919434,0.0,0.0,0.0,0.0,0.0,0.0,0.0,0.0,0.0,0.0,0.0,0.0,0.0,1,1,1.0,0,0.0
development/scenario33/3833,scenario33,16,21,0,0,0.19999999999999998,0.08881835639476776,0.08467238396406174,0.004145972430706024,0.0443195104598999,3.7157773971557617,0.34002557396888733,0.3333333333333333,0.0,0.0,0.0,0.0,1.0,1.0,0.0021744449622929096,0.0014823675155639648,0.0015908479690551758,0.0,1.011390209197998,0.0,0.0,0.0,0.0,0.0,0.0,0.0,0.0,0.0,0.0,0.0,0.0,0.0,0,0,0.5333333333333333,0,0.33333333333333337
development/scenario33/192,scenario33,27,32,0,0,0.26666666666666666,0.10122267156839371,0.09260444343090057,0.008618228137493134,0.017405405640602112,3.2765915393829346,0.45474109053611755,0.5079365079365079,0.0,0.0,0.0,0.0,1.0,1.0,0.006087516434490681,0.0009624660015106201,0.006010949611663818,0.0,0.8395891785621643,0.0,0.0,0.0,0.0,0.0,0.0,0.0,0.0,0.0,0.0,0.0,0.0,0.0,0,1,0.8666666666666667,0,0.6000000000000001
development/scenario34/4868,scenario34,38,38,1,1,1.0,0.14423298835754395,0.12407396733760834,0.020159021019935608,0.0730593204498291,3.323538303375244,0.5231461524963379,0.6031746031746031,0.0,0.0,0.0,0.0,1.0,1.0,0.004880741238594055,0.003595501184463501,0.003300607204437256,0.0,0.5348128080368042,0.0,0.0,0.0,0.0,0.0,0.0,0.0,0.0,0.0,0.0,0.0,0.0,0.0,1,1,1.0,0,0.0
development/scenario33/4470,scenario33,13,5,0,0,0.26666666666666666,0.04810109734535217,0.04793606325984001,0.00016503408551216125,0.006183791905641556,3.902097702026367,0.23005641996860504,0.07936507936507936,0.0,0.0,0.0,0.0,1.0,1.0,0.007438849192112684,0.0073923468589782715,0.0008304715156555176,0.0,1.0420339107513428,0.0,0.0,0.0,0.0,0.0,0.0,0.0,0.0,0.0,0.0,0.0,0.0,0.0,0,1,0.9333333333333332,0,0.6666666666666665
development/scenario33/3807,scenario33,21,21,1,1,1.0,0.134738489985466,0.09466759860515594,0.04007089138031006,0.08770719170570374,3.5805864334106445,0.4153386354446411,0.3333333333333333,0.0,0.0,0.0,0.0,1.0,1.0,0.004031859803944826,0.003980696201324463,0.0006402730941772461,0.0,0.9947569370269775,0.0,0.0,0.0,0.0,0.0,0.0,0.0,0.0,0.0,0.0,0.0,0.0,0.0,1,1,1.0,0,0.0
development/scenario32/2871,scenario32,27,12,0,0,0.0,0.06289177387952805,0.06287666410207748,1.5109777450561523e-05,0.009670078754425049,3.7705740928649902,0.28988760709762573,0.19047619047619047,0.0,0.0,0.0,0.0,1.0,1.0,0.002065313747152686,0.0011383295059204102,0.0017232894897460938,0.0,1.0758116245269775,0.0,0.0,0.0,0.0,0.0,0.0,0.0,0.0,0.0,0.0,0.0,0.0,0.0,0,0,0.0,0,0.0
development/scenario33/4066,scenario33,19,19,1,1,1.0,0.17725436389446259,0.13873779773712158,0.038516566157341,0.1235101968050003,3.2167954444885254,0.5485434532165527,0.30158730158730157,0.0,0.0,0.0,0.0,1.0,1.0,0.0022189973387867212,0.0016750693321228027,0.0014553666114807129,0.0,0.9620577692985535,0.0,0.0,0.0,0.0,0.0,0.0,0.0,0.0,0.0,0.0,0.0,0.0,0.0,1,1,1.0,0,0.0
development/scenario33/138,scenario33,18,19,0,1,0.9333333333333332,0.1936444491147995,0.16374972462654114,0.029894724488258362,0.14567874372005463,3.112868070602417,0.5844948887825012,0.30158730158730157,0.0,0.0,0.0,0.0,1.0,1.0,0.007659867871552706,0.001867830753326416,0.007428646087646484,0.0,0.9483740925788879,0.0,0.0,0.0,0.0,0.0,0.0,0.0,0.0,0.0,0.0,0.0,0.0,0.0,0,1,0.9333333333333332,0,0.0
development/scenario32/477,scenario32,19,21,0,0,0.6666666666666666,0.1252012997865677,0.09971156716346741,0.02548973262310028,0.06934699416160583,3.4732794761657715,0.4407586455345154,0.3333333333333333,0.0,0.0,0.0,0.0,1.0,1.0,0.011157107539474964,0.0037889182567596436,0.010494053363800049,0.0,0.966048538684845,0.0,0.0,0.0,0.0,0.0,0.0,0.0,0.0,0.0,0.0,0.0,0.0,0.0,1,1,1.0,1,0.33333333333333337
development/scenario34/1290,scenario34,41,42,0,1,0.9333333333333332,0.11574790626764297,0.09920808672904968,0.016539819538593292,0.06037604808807373,3.581648588180542,0.42398592829704285,0.6666666666666666,0.0,0.0,0.0,0.0,1.0,1.0,0.014599430374801159,0.0017342567443847656,0.014496058225631714,0.0,0.506632924079895,0.0,0.0,0.0,0.0,0.0,0.0,0.0,0.0,0.0,0.0,0.0,0.0,0.0,0,1,0.8666666666666667,0,-0.06666666666666654
development/scenario33/2415,scenario33,21,21,1,1,1.0,0.13116945326328278,0.08969052881002426,0.041478924453258514,0.08444471657276154,3.611968517303467,0.401475191116333,0.3333333333333333,0.0,0.0,0.0,0.0,1.0,1.0,0.004377753008157015,0.004133313894271851,0.0014423727989196777,0.0,1.0026462078094482,0.0,0.0,0.0,0.0,0.0,0.0,0.0,0.0,0.0,0.0,0.0,0.0,0.0,1,1,1.0,0,0.0
development/scenario33/2597,scenario33,12,12,1,1,1.0,0.062426067888736725,0.05936716869473457,0.0030588991940021515,0.011950481683015823,3.7617149353027344,0.2836110591888428,0.19047619047619047,0.0,0.0,0.0,0.0,1.0,1.0,0.006422746926546097,0.0062913596630096436,0.0012924671173095703,0.0,1.0039137601852417,0.0,0.0,0.0,0.0,0.0,0.0,0.0,0.0,0.0,0.0,0.0,0.0,0.0,1,1,1.0,0,0.0
development/scenario34/2129,scenario34,15,40,0,0,0.0,0.0901368260383606,0.08988416939973831,0.00025265663862228394,0.023771926760673523,3.561986207962036,0.4165363013744354,0.6349206349206349,0.0,0.0,0.0,0.0,1.0,1.0,0.011577943339943886,0.0020505189895629883,0.011394917964935303,0.0,0.5704288482666016,0.0,0.0,0.0,0.0,0.0,0.0,0.0,0.0,0.0,0.0,0.0,0.0,0.0,0,0,0.0,0,0.0
development/scenario33/3533,scenario33,12,10,0,0,0.6666666666666666,0.05977533757686615,0.057597145438194275,0.002178192138671875,0.013053026050329208,3.773275136947632,0.27219125628471375,0.15873015873015872,0.0,0.0,0.0,0.0,1.0,1.0,0.005024836398661137,0.004958257079124451,0.000815272331237793,0.0,0.9946796298027039,0.0,0.0,0.0,0.0,0.0,0.0,0.0,0.0,0.0,0.0,0.0,0.0,0.0,0,0,0.7333333333333334,0,0.06666666666666676
development/scenario33/2522,scenario33,13,10,0,0,0.5333333333333333,0.05321088433265686,0.05119854956865311,0.0020123347640037537,0.011497829109430313,3.8542661666870117,0.2440967857837677,0.15873015873015872,0.0,0.0,0.0,0.0,1.0,1.0,0.007468950469046831,0.007460057735443115,0.0003643631935119629,0.0,1.0307016372680664,0.0,0.0,0.0,0.0,0.0,0.0,0.0,0.0,0.0,0.0,0.0,0.0,0.0,0,1,0.9333333333333332,0,0.3999999999999999
development/scenario34/2144,scenario34,40,41,0,1,0.8666666666666667,0.12589074671268463,0.11486011743545532,0.011030629277229309,0.07848260551691055,3.5211098194122314,0.4488064646720886,0.6507936507936508,0.0,0.0,0.0,0.0,1.0,1.0,0.012532652355730534,0.0018918812274932861,0.012389034032821655,0.0,0.5386165380477905,0.0,0.0,0.0,0.0,0.0,0.0,0.0,0.0,0.0,0.0,0.0,0.0,0.0,1,1,1.0,1,0.1333333333333333
development/scenario32/1544,scenario32,7,6,0,0,0.8000000000000002,0.04884033277630806,0.04761836305260658,0.001221969723701477,0.0027793385088443756,3.90500545501709,0.23637919127941132,0.09523809523809523,0.0,0.0,0.0,0.0,1.0,1.0,0.008228129707276821,0.007354915142059326,0.003688812255859375,0.0,1.0851356983184814,0.0,0.0,0.0,0.0,0.0,0.0,0.0,0.0,0.0,0.0,0.0,0.0,0.0,1,1,1.0,1,0.19999999999999984
development/scenario33/599,scenario33,44,44,1,1,1.0,0.04729804769158363,0.04534107446670532,0.001956973224878311,0.0036386996507644653,3.7277462482452393,0.2256949543952942,0.6984126984126984,0.0,0.0,0.0,0.0,1.0,1.0,0.005371422972530127,0.0040457844734191895,0.0035332441329956055,0.0,0.8239033222198486,0.0,0.0,0.0,0.0,0.0,0.0,0.0,0.0,0.0,0.0,0.0,0.0,0.0,1,1,1.0,0,0.0
development/scenario33/1589,scenario33,16,15,0,1,0.9333333333333332,0.10405898839235306,0.1011701226234436,0.0028888657689094543,0.045152679085731506,3.55003023147583,0.40875208377838135,0.23809523809523808,0.0,0.0,0.0,0.0,1.0,1.0,0.009350959211587906,0.008151531219482422,0.004581809043884277,0.0,1.0046937465667725,0.0,0.0,0.0,0.0,0.0,0.0,0.0,0.0,0.0,0.0,0.0,0.0,0.0,0,1,0.9333333333333332,0,0.0
development/scenario32/1525,scenario32,11,15,0,0,0.26666666666666666,0.09292156249284744,0.08009018003940582,0.01283138245344162,0.03777897357940674,3.653454065322876,0.37143832445144653,0.23809523809523808,0.0,0.0,0.0,0.0,1.0,1.0,0.00557719636708498,0.004711031913757324,0.0029851794242858887,0.0,1.0736112594604492,0.0,0.0,0.0,0.0,0.0,0.0,0.0,0.0,0.0,0.0,0.0,0.0,0.0,0,0,0.7333333333333334,0,0.46666666666666673
development/scenario34/2372,scenario34,42,42,1,1,1.0,0.05308874696493149,0.05171266943216324,0.0013760775327682495,0.00413237139582634,3.7389397621154785,0.2539949417114258,0.6666666666666666,0.0,0.0,0.0,0.0,1.0,1.0,0.007846302352845669,0.006181672215461731,0.004832327365875244,0.0,0.5560628175735474,0.0,0.0,0.0,0.0,0.0,0.0,0.0,0.0,0.0,0.0,0.0,0.0,0.0,1,1,1.0,0,0.0
development/scenario34/2439,scenario34,41,41,1,1,1.0,0.12322144210338593,0.10424391180276871,0.018977530300617218,0.062106672674417496,3.479884624481201,0.4582647979259491,0.6507936507936508,0.0,0.0,0.0,0.0,1.0,1.0,0.014114584773778915,0.0019011497497558594,0.013985961675643921,0.0,0.5477922558784485,0.0,0.0,0.0,0.0,0.0,0.0,0.0,0.0,0.0,0.0,0.0,0.0,0.0,1,1,1.0,0,0.0
development/scenario32/1142,scenario32,5,10,0,0,0.1333333333333333,0.056846871972084045,0.05508139356970787,0.001765478402376175,0.01109478622674942,3.803983211517334,0.2600085139274597,0.15873015873015872,0.0,0.0,0.0,0.0,1.0,1.0,0.004445767030119896,0.004398047924041748,0.0006496310234069824,0.0,1.0080512762069702,0.0,0.0,0.0,0.0,0.0,0.0,0.0,0.0,0.0,0.0,0.0,0.0,0.0,0,1,0.9333333333333332,0,0.7999999999999999
development/scenario33/393,scenario33,20,21,0,1,0.9333333333333332,0.09658366441726685,0.08463878929615021,0.011944875121116638,0.05597112327814102,3.710587501525879,0.3443027138710022,0.3333333333333333,0.0,0.0,0.0,0.0,1.0,1.0,0.0038517341017723083,0.0038469433784484863,0.0001920461654663086,0.0,1.0123909711837769,0.0,0.0,0.0,0.0,0.0,0.0,0.0,0.0,0.0,0.0,0.0,0.0,0.0,1,1,1.0,1,0.06666666666666676
development/scenario32/918,scenario32,37,5,0,0,0.0,0.05378604680299759,0.05061711370944977,0.003168933093547821,0.01123214140534401,3.9163267612457275,0.23504525423049927,0.07936507936507936,0.0,0.0,0.0,0.0,1.0,1.0,0.022678999230265617,0.02260005474090576,0.0018906593322753906,0.0,1.0503208637237549,0.0,0.0,0.0,0.0,0.0,0.0,0.0,0.0,0.0,0.0,0.0,0.0,0.0,0,0,0.0,0,0.0
development/scenario33/2621,scenario33,16,15,0,1,0.9333333333333332,0.09760940074920654,0.0905880406498909,0.007021360099315643,0.038472067564725876,3.5958776473999023,0.3844117224216461,0.23809523809523808,0.0,0.0,0.0,0.0,1.0,1.0,0.007173116784542799,0.006314903497695923,0.0034022927284240723,0.0,1.012211799621582,0.0,0.0,0.0,0.0,0.0,0.0,0.0,0.0,0.0,0.0,0.0,0.0,0.0,0,1,0.9333333333333332,0,0.0
development/scenario34/1336,scenario34,33,43,0,0,0.0,0.09259969741106033,0.08959139883518219,0.0030082985758781433,0.040639158338308334,3.690869092941284,0.37062644958496094,0.6825396825396826,0.0,0.0,0.0,0.0,1.0,1.0,0.004276111721992493,0.003904789686203003,0.0017429143190383911,0.0,0.4775605797767639,0.0,0.0,0.0,0.0,0.0,0.0,0.0,0.0,0.0,0.0,0.0,0.0,0.0,0,0,0.0,0,0.0
development/scenario33/1634,scenario33,21,22,0,1,0.9333333333333332,0.08841688930988312,0.08715249598026276,0.0012643933296203613,0.015901707112789154,3.4639198780059814,0.3987443745136261,0.3492063492063492,0.0,0.0,0.0,0.0,1.0,1.0,0.007553397677838802,0.0014297664165496826,0.007416844367980957,0.0,0.906401515007019,0.0,0.0,0.0,0.0,0.0,0.0,0.0,0.0,0.0,0.0,0.0,0.0,0.0,1,1,1.0,1,0.06666666666666676
development/scenario34/1381,scenario34,37,37,1,1,1.0,0.15915842354297638,0.14219257235527039,0.016965851187705994,0.08579085767269135,3.1724021434783936,0.5794245600700378,0.5873015873015873,0.0,0.0,0.0,0.0,1.0,1.0,0.00457598315551877,0.0035799145698547363,0.0028502345085144043,0.0,0.5690957903862,0.0,0.0,0.0,0.0,0.0,0.0,0.0,0.0,0.0,0.0,0.0,0.0,0.0,1,1,1.0,0,0.0
development/scenario34/3606,scenario34,32,32,1,1,1.0,0.1384153664112091,0.12979543209075928,0.008619934320449829,0.06630600243806839,3.1402368545532227,0.528427243232727,0.5079365079365079,0.0,0.0,0.0,0.0,1.0,1.0,0.005887330509722233,0.003347069025039673,0.004843324422836304,0.0,0.6336343884468079,0.0,0.0,0.0,0.0,0.0,0.0,0.0,0.0,0.0,0.0,0.0,0.0,0.0,0,1,0.9333333333333332,0,-0.06666666666666676
development/scenario34/454,scenario34,35,36,0,1,0.8666666666666667,0.1433154195547104,0.11533341556787491,0.02798200398683548,0.07527094334363937,3.307117462158203,0.5026165246963501,0.5714285714285714,0.0,0.0,0.0,0.0,1.0,1.0,0.011210190132260323,0.0060932934284210205,0.009409576654434204,0.0,0.6149780750274658,0.0,0.0,0.0,0.0,0.0,0.0,0.0,0.0,0.0,0.0,0.0,0.0,0.0,0,1,0.9333333333333332,0,0.06666666666666654
development/scenario33/3024,scenario33,31,28,0,0,0.4666666666666666,0.1299266666173935,0.11055968701839447,0.019366979598999023,0.06207533925771713,3.2263617515563965,0.48770350217819214,0.4444444444444444,0.0,0.0,0.0,0.0,1.0,1.0,0.009576213546097279,0.0015349090099334717,0.009452402591705322,0.0,0.8704119920730591,0.0,0.0,0.0,0.0,0.0,0.0,0.0,0.0,0.0,0.0,0.0,0.0,0.0,1,1,1.0,1,0.5333333333333334
development/scenario32/804,scenario32,20,20,1,1,1.0,0.126231849193573,0.12113528698682785,0.005096562206745148,0.06764979660511017,3.378168821334839,0.48626989126205444,0.31746031746031744,0.0,0.0,0.0,0.0,1.0,1.0,0.006564753595739603,0.006422221660614014,0.0013605356216430664,0.0,1.0127426385879517,0.0,0.0,0.0,0.0,0.0,0.0,0.0,0.0,0.0,0.0,0.0,0.0,0.0,1,1,1.0,0,0.0
development/scenario34/1665,scenario34,1,12,0,0,0.1333333333333333,0.03765316680073738,0.03735966980457306,0.0002934969961643219,0.002414114773273468,3.8387527465820312,0.1841222196817398,0.19047619047619047,0.0,0.0,0.0,0.0,1.0,1.0,0.005011332221329212,0.004969358444213867,0.0006472468376159668,0.0,0.7527285218238831,0.0,0.0,0.0,0.0,0.0,0.0,0.0,0.0,0.0,0.0,0.0,0.0,0.0,0,1,0.9333333333333332,0,0.7999999999999999
development/scenario34/793,scenario34,11,11,1,1,1.0,0.11054648458957672,0.10953930765390396,0.00100717693567276,0.03199844807386398,3.334085464477539,0.48617100715637207,0.1746031746031746,0.0,0.0,0.0,0.0,1.0,1.0,0.006289937533438206,0.004434823989868164,0.004460453987121582,0.0,0.8597789406776428,0.0,0.0,0.0,0.0,0.0,0.0,0.0,0.0,0.0,0.0,0.0,0.0,0.0,0,1,0.9333333333333332,0,-0.06666666666666676
development/scenario34/3187,scenario34,1,5,0,0,0.19999999999999996,0.03737218305468559,0.0365794375538826,0.0007927455008029938,0.0022926032543182373,3.8553385734558105,0.18052299320697784,0.07936507936507936,0.0,0.0,0.0,0.0,1.0,1.0,0.005454206373542547,0.005192786455154419,0.0016683340072631836,0.0,0.7471616864204407,0.0,0.0,0.0,0.0,0.0,0.0,0.0,0.0,0.0,0.0,0.0,0.0,0.0,0,1,0.9333333333333332,0,0.7333333333333333
development/scenario32/586,scenario32,25,25,1,1,1.0,0.14293941855430603,0.11868182569742203,0.024257592856884003,0.0802566334605217,3.229592800140381,0.5106006860733032,0.3968253968253968,0.0,0.0,0.0,0.0,1.0,1.0,0.0065158759243786335,0.006512343883514404,0.00021451711654663086,0.0,0.9652141332626343,0.0,0.0,0.0,0.0,0.0,0.0,0.0,0.0,0.0,0.0,0.0,0.0,0.0,1,1,1.0,0,0.0
development/scenario34/2722,scenario34,53,53,1,1,1.0,0.09739236533641815,0.08008203655481339,0.017310328781604767,0.03818940743803978,3.588923931121826,0.3715187609195709,0.8412698412698413,0.0,0.0,0.0,0.0,1.0,1.0,0.006685689091682434,0.004911556839942932,0.004535973072052002,0.0,0.541842520236969,0.0,0.0,0.0,0.0,0.0,0.0,0.0,0.0,0.0,0.0,0.0,0.0,0.0,1,1,1.0,0,0.0
development/scenario34/815,scenario34,20,19,0,1,0.8666666666666667,0.07575135678052902,0.07046963274478912,0.005281724035739899,0.009235531091690063,3.455625057220459,0.3526237905025482,0.30158730158730157,0.0,0.0,0.0,0.0,1.0,1.0,0.007465176284313202,0.004191100597381592,0.006177663803100586,0.0,0.7786182761192322,0.0,0.0,0.0,0.0,0.0,0.0,0.0,0.0,0.0,0.0,0.0,0.0,0.0,1,1,1.0,1,0.1333333333333333
development/scenario32/858,scenario32,16,16,1,1,1.0,0.18898846209049225,0.14758357405662537,0.04140488803386688,0.14967162907123566,3.293476104736328,0.5395958423614502,0.25396825396825395,0.0,0.0,0.0,0.0,1.0,1.0,0.0063751740381121635,0.00637507438659668,3.5643577575683594e-05,0.0,1.058150053024292,0.0,0.0,0.0,0.0,0.0,0.0,0.0,0.0,0.0,0.0,0.0,0.0,0.0,1,1,1.0,0,0.0
development/scenario33/17,scenario33,2,5,0,0,0.6,0.07744883000850677,0.06934160739183426,0.008107222616672516,0.026624832302331924,3.7863287925720215,0.31792616844177246,0.07936507936507936,0.0,0.0,0.0,0.0,1.0,1.0,0.0016606474528089166,0.0015048794448375702,0.000702202320098877,0.0,0.9755355715751648,0.0,0.0,0.0,0.0,0.0,0.0,0.0,0.0,0.0,0.0,0.0,0.0,0.0,1,1,1.0,1,0.4
development/scenario34/2702,scenario34,54,53,0,1,0.9333333333333332,0.0954354777932167,0.0826585441827774,0.0127769336104393,0.04028172791004181,3.645564079284668,0.3580688238143921,0.8412698412698413,0.0,0.0,0.0,0.0,1.0,1.0,0.005389332305639982,0.002886474132537842,0.0045511722564697266,0.0,0.5377717614173889,0.0,0.0,0.0,0.0,0.0,0.0,0.0,0.0,0.0,0.0,0.0,0.0,0.0,1,1,1.0,1,0.06666666666666676
development/scenario32/2759,scenario32,16,16,1,1,1.0,0.1991674304008484,0.13328272104263306,0.06588470935821533,0.1373133361339569,3.2225897312164307,0.5680329203605652,0.25396825396825395,0.0,0.0,0.0,0.0,1.0,1.0,0.006231985986232758,0.006218969821929932,0.0004025697708129883,0.0,1.0468915700912476,0.0,0.0,0.0,0.0,0.0,0.0,0.0,0.0,0.0,0.0,0.0,0.0,0.0,1,1,1.0,0,0.0
development/scenario33/847,scenario33,21,21,1,1,1.0,0.1240960955619812,0.08580443263053894,0.03829166293144226,0.07985232770442963,3.639348268508911,0.3870081305503845,0.3333333333333333,0.0,0.0,0.0,0.0,1.0,1.0,0.004270676523447037,0.0040368735790252686,0.0013936758041381836,0.0,1.0051432847976685,0.0,0.0,0.0,0.0,0.0,0.0,0.0,0.0,0.0,0.0,0.0,0.0,0.0,1,1,1.0,0,0.0
development/scenario34/3883,scenario34,38,33,0,0,0.19999999999999998,0.04239377751946449,0.04171379283070564,0.0006799846887588501,0.0026707686483860016,3.9322609901428223,0.20572666823863983,0.5238095238095238,0.0,0.0,0.0,0.0,1.0,1.0,0.02414824813604355,0.023763924837112427,0.004291117191314697,0.0,0.6407217979431152,0.0,0.0,0.0,0.0,0.0,0.0,0.0,0.0,0.0,0.0,0.0,0.0,0.0,1,1,1.0,1,0.8
development/scenario33/2460,scenario33,20,21,0,1,0.9333333333333332,0.10080413520336151,0.08462176471948624,0.016182370483875275,0.062201689928770065,3.7064926624298096,0.3466012477874756,0.3333333333333333,0.0,0.0,0.0,0.0,1.0,1.0,0.003959671128541231,0.003900974988937378,0.0006792545318603516,0.0,1.014978289604187,0.0,0.0,0.0,0.0,0.0,0.0,0.0,0.0,0.0,0.0,0.0,0.0,0.0,1,1,1.0,1,0.06666666666666676
development/scenario33/528,scenario33,22,21,0,1,0.9333333333333332,0.09406958520412445,0.09051953256130219,0.0035500526428222656,0.026701755821704865,3.4695615768432617,0.4052312672138214,0.3333333333333333,0.0,0.0,0.0,0.0,1.0,1.0,0.00910855084657669,0.0015641748905181885,0.008973240852355957,0.0,0.9135631322860718,0.0,0.0,0.0,0.0,0.0,0.0,0.0,0.0,0.0,0.0,0.0,0.0,0.0,1,1,1.0,1,0.06666666666666676
development/scenario33/2048,scenario33,2,5,0,0,0.6,0.07753309607505798,0.06946174800395966,0.008071348071098328,0.02643166109919548,3.782724618911743,0.3187822103500366,0.07936507936507936,0.0,0.0,0.0,0.0,1.0,1.0,0.002676349366083741,0.002588905394077301,0.0006785392761230469,0.0,0.9737587571144104,0.0,0.0,0.0,0.0,0.0,0.0,0.0,0.0,0.0,0.0,0.0,0.0,0.0,0,0,0.6,0,0.0
development/scenario34/1521,scenario34,38,38,1,1,1.0,0.1345900595188141,0.10167498886585236,0.03291507065296173,0.07615432143211365,3.4553112983703613,0.45919302105903625,0.6031746031746031,0.0,0.0,0.0,0.0,1.0,1.0,0.014790695160627365,0.0016959607601165771,0.014693140983581543,0.0,0.5903255939483643,0.0,0.0,0.0,0.0,0.0,0.0,0.0,0.0,0.0,0.0,0.0,0.0,0.0,1,1,1.0,0,0.0
development/scenario34/1364,scenario34,38,39,0,0,0.8000000000000002,0.11428235471248627,0.1099899634718895,0.004292391240596771,0.047473013401031494,3.3582301139831543,0.5021198987960815,0.6190476190476191,0.0,0.0,0.0,0.0,1.0,1.0,0.004566652234643698,0.0035009384155273438,0.0029321908950805664,0.0,0.5268847346305847,0.0,0.0,0.0,0.0,0.0,0.0,0.0,0.0,0.0,0.0,0.0,0.0,0.0,1,1,1.0,1,0.19999999999999984
development/scenario34/4102,scenario34,38,38,1,1,1.0,0.13909703493118286,0.10465529561042786,0.034441739320755005,0.08214132487773895,3.4350767135620117,0.4678167700767517,0.6031746031746031,0.0,0.0,0.0,0.0,1.0,1.0,0.012704910710453987,0.0006805658340454102,0.012686669826507568,0.0,0.5864093899726868,0.0,0.0,0.0,0.0,0.0,0.0,0.0,0.0,0.0,0.0,0.0,0.0,0.0,1,1,1.0,0,0.0
development/scenario34/1635,scenario34,21,25,0,0,0.19999999999999996,0.07035260647535324,0.06845974177122116,0.00189286470413208,0.01387021690607071,3.5319721698760986,0.3167893886566162,0.3968253968253968,0.0,0.0,0.0,0.0,1.0,1.0,0.0046934871934354305,0.004397541284561157,0.0016402602195739746,0.0,0.6830242276191711,0.0,0.0,0.0,0.0,0.0,0.0,0.0,0.0,0.0,0.0,0.0,0.0,0.0,1,1,1.0,1,0.8
development/scenario34/3857,scenario34,15,15,1,1,1.0,0.09464884549379349,0.08795615285634995,0.0066926926374435425,0.029964089393615723,3.3892822265625,0.39696186780929565,0.23809523809523808,0.0,0.0,0.0,0.0,1.0,1.0,0.010851082392036915,0.009978294372558594,0.004263758659362793,0.0,0.8119966983795166,0.0,0.0,0.0,0.0,0.0,0.0,0.0,0.0,0.0,0.0,0.0,0.0,0.0,0,1,0.9333333333333332,0,-0.06666666666666676
development/scenario32/1742,scenario32,21,25,0,0,0.39999999999999997,0.11789686232805252,0.10428620874881744,0.013610653579235077,0.04146447777748108,3.3269858360290527,0.4553986191749573,0.3968253968253968,0.0,0.0,0.0,0.0,1.0,1.0,0.00784995872527361,0.00647050142288208,0.004444599151611328,0.0,0.979825496673584,0.0,0.0,0.0,0.0,0.0,0.0,0.0,0.0,0.0,0.0,0.0,0.0,0.0,1,1,1.0,1,0.6000000000000001
development/scenario33/204,scenario33,32,33,0,1,0.9333333333333332,0.08928748220205307,0.08624248206615448,0.00304500013589859,0.019294776022434235,3.422640323638916,0.3990853428840637,0.5238095238095238,0.0,0.0,0.0,0.0,1.0,1.0,0.0058826059103012085,0.0011043548583984375,0.005778014659881592,0.0,0.8233935236930847,0.0,0.0,0.0,0.0,0.0,0.0,0.0,0.0,0.0,0.0,0.0,0.0,0.0,1,1,1.0,1,0.06666666666666676
development/scenario34/4018,scenario34,9,9,1,1,1.0,0.1526934951543808,0.1165539026260376,0.0361395925283432,0.08989756554365158,3.3386592864990234,0.5229656100273132,0.14285714285714285,0.0,0.0,0.0,0.0,1.0,1.0,0.005800286307930946,0.004443645477294922,0.0037279129028320312,0.0,0.9467625021934509,0.0,0.0,0.0,0.0,0.0,0.0,0.0,0.0,0.0,0.0,0.0,0.0,0.0,1,1,1.0,0,0.0
development/scenario32/992,scenario32,15,21,0,0,0.06666666666666665,0.09206897765398026,0.08636515587568283,0.005703821778297424,0.04705221951007843,3.7009801864624023,0.3486068546772003,0.3333333333333333,0.0,0.0,0.0,0.0,1.0,1.0,0.007695382926613092,0.0046159327030181885,0.006157279014587402,0.0,1.0075304508209229,0.0,0.0,0.0,0.0,0.0,0.0,0.0,0.0,0.0,0.0,0.0,0.0,0.0,1,1,1.0,1,0.9333333333333333
development/scenario33/4003,scenario33,17,18,0,1,0.8666666666666667,0.11733831465244293,0.10675329715013504,0.010585017502307892,0.05386827886104584,3.3984832763671875,0.46749556064605713,0.2857142857142857,0.0,0.0,0.0,0.0,1.0,1.0,0.00652297493070364,0.0033556222915649414,0.005593657493591309,0.0,0.9891538023948669,0.0,0.0,0.0,0.0,0.0,0.0,0.0,0.0,0.0,0.0,0.0,0.0,0.0,0,1,0.8666666666666667,0,0.0
development/scenario32/1914,scenario32,15,16,0,1,0.9333333333333332,0.19068031013011932,0.14625094830989838,0.04442936182022095,0.14951786398887634,3.2862229347229004,0.5430660247802734,0.25396825396825395,0.0,0.0,0.0,0.0,1.0,1.0,0.00637589767575264,0.006249487400054932,0.0012633204460144043,0.0,1.0566394329071045,0.0,0.0,0.0,0.0,0.0,0.0,0.0,0.0,0.0,0.0,0.0,0.0,0.0,0,1,0.9333333333333332,0,0.0
development/scenario33/3860,scenario33,14,16,0,0,0.7333333333333334,0.0763239711523056,0.07600004225969315,0.0003239288926124573,0.023075401782989502,3.67164945602417,0.33056360483169556,0.25396825396825395,0.0,0.0,0.0,0.0,1.0,1.0,0.005050563719123602,0.004676997661590576,0.001906275749206543,0.0,1.02279794216156,0.0,0.0,0.0,0.0,0.0,0.0,0.0,0.0,0.0,0.0,0.0,0.0,0.0,0,1,0.9333333333333332,0,0.19999999999999984
development/scenario34/5039,scenario34,37,37,1,1,1.0,0.06704211980104446,0.061651501804590225,0.005390617996454239,0.018136199563741684,3.7838754653930664,0.2884320318698883,0.5873015873015873,0.0,0.0,0.0,0.0,1.0,1.0,0.01062277052551508,0.008774757385253906,0.005987226963043213,0.0,0.5776658654212952,0.0,0.0,0.0,0.0,0.0,0.0,0.0,0.0,0.0,0.0,0.0,0.0,0.0,1,1,1.0,0,0.0
development/scenario32/1254,scenario32,60,54,0,0,0.0,0.04392758756875992,0.04321280121803284,0.0007147863507270813,0.0028169937431812286,3.840174436569214,0.21139931678771973,0.8571428571428571,0.0,0.0,0.0,0.0,1.0,1.0,0.013167460449039936,0.0030575692653656006,0.01280754804611206,0.0,0.8028853535652161,0.0,0.0,0.0,0.0,0.0,0.0,0.0,0.0,0.0,0.0,0.0,0.0,0.0,0,1,0.8666666666666667,0,0.8666666666666667
development/scenario34/791,scenario34,9,11,0,0,0.7333333333333334,0.11188426613807678,0.10792449861764908,0.003959767520427704,0.030871517956256866,3.3297977447509766,0.491556316614151,0.1746031746031746,0.0,0.0,0.0,0.0,1.0,1.0,0.0069341654889285564,0.005349874496459961,0.004411518573760986,0.0,0.8633908629417419,0.0,0.0,0.0,0.0,0.0,0.0,0.0,0.0,0.0,0.0,0.0,0.0,0.0,0,0,0.8000000000000002,0,0.06666666666666676
development/scenario32/2112,scenario32,29,21,0,0,0.0,0.13410677015781403,0.09566743671894073,0.03843933343887329,0.08248740434646606,3.5520405769348145,0.4254668951034546,0.3333333333333333,0.0,0.0,0.0,0.0,1.0,1.0,0.010161682963371277,0.004662692546844482,0.009028792381286621,0.0,0.986393392086029,0.0,0.0,0.0,0.0,0.0,0.0,0.0,0.0,0.0,0.0,0.0,0.0,0.0,0,0,0.0,0,0.0
development/scenario34/3742,scenario34,47,47,1,1,1.0,0.05531435087323189,0.05463533475995064,0.00067901611328125,0.0071631260216236115,3.699326515197754,0.26008522510528564,0.746031746031746,0.0,0.0,0.0,0.0,1.0,1.0,0.007847177796065807,0.006423875689506531,0.004506886005401611,0.0,0.5473579168319702,0.0,0.0,0.0,0.0,0.0,0.0,0.0,0.0,0.0,0.0,0.0,0.0,0.0,1,1,1.0,0,0.0
development/scenario33/2659,scenario33,19,19,1,1,1.0,0.11626297235488892,0.11304544657468796,0.0032175257802009583,0.05212286859750748,3.4154767990112305,0.4738830029964447,0.30158730158730157,0.0,0.0,0.0,0.0,1.0,1.0,0.007316912524402142,0.0018798112869262695,0.007071316242218018,0.0,0.9536182880401611,0.0,0.0,0.0,0.0,0.0,0.0,0.0,0.0,0.0,0.0,0.0,0.0,0.0,0,1,0.9333333333333332,0,-0.06666666666666676
development/scenario33/2263,scenario33,28,28,1,1,1.0,0.11275748908519745,0.10046380013227463,0.012293688952922821,0.031332336366176605,3.2070529460906982,0.47097426652908325,0.4444444444444444,0.0,0.0,0.0,0.0,1.0,1.0,0.006569551303982735,0.0046257078647613525,0.004664957523345947,0.0,0.8901495337486267,0.0,0.0,0.0,0.0,0.0,0.0,0.0,0.0,0.0,0.0,0.0,0.0,0.0,1,1,1.0,0,0.0
development/scenario32/1061,scenario32,28,32,0,0,0.26666666666666666,0.11649244278669357,0.10055501759052277,0.015937425196170807,0.03894985467195511,3.2135519981384277,0.47498658299446106,0.5079365079365079,0.0,0.0,0.0,0.0,1.0,1.0,0.006172542925924063,0.003524094820022583,0.005067646503448486,0.0,0.8804967403411865,0.0,0.0,0.0,0.0,0.0,0.0,0.0,0.0,0.0,0.0,0.0,0.0,0.0,1,1,1.0,1,0.7333333333333334
development/scenario34/571,scenario34,35,33,0,0,0.6666666666666666,0.13778479397296906,0.12043904513120651,0.017345748841762543,0.06161178648471832,3.116333484649658,0.5450044870376587,0.5238095238095238,0.0,0.0,0.0,0.0,1.0,1.0,0.0037834499962627888,0.0035470426082611084,0.0013164281845092773,0.0,0.6145593523979187,0.0,0.0,0.0,0.0,0.0,0.0,0.0,0.0,0.0,0.0,0.0,0.0,0.0,0,1,0.7999999999999999,0,0.1333333333333333
development/scenario34/3631,scenario34,32,32,1,1,1.0,0.13296502828598022,0.11819442361593246,0.01477060467004776,0.05741645395755768,3.1665172576904297,0.511235237121582,0.5079365079365079,0.0,0.0,0.0,0.0,1.0,1.0,0.005282458383589983,0.003282487392425537,0.0041387975215911865,0.0,0.6367853283882141,0.0,0.0,0.0,0.0,0.0,0.0,0.0,0.0,0.0,0.0,0.0,0.0,0.0,0,1,0.9333333333333332,0,-0.06666666666666676
development/scenario34/4104,scenario34,38,38,1,1,1.0,0.12498028576374054,0.10562951862812042,0.019350767135620117,0.065870501101017,3.480220317840576,0.4498424232006073,0.6031746031746031,0.0,0.0,0.0,0.0,1.0,1.0,0.012899537570774555,0.0005380213260650635,0.012888312339782715,0.0,0.5793316960334778,0.0,0.0,0.0,0.0,0.0,0.0,0.0,0.0,0.0,0.0,0.0,0.0,0.0,1,1,1.0,0,0.0
development/scenario32/495,scenario32,32,28,0,0,0.26666666666666666,0.12419206649065018,0.10502608120441437,0.01916598528623581,0.05322791635990143,3.2072577476501465,0.482756108045578,0.4444444444444444,0.0,0.0,0.0,0.0,1.0,1.0,0.012305819429457188,0.0036181211471557617,0.011761903762817383,0.0,0.8948580026626587,0.0,0.0,0.0,0.0,0.0,0.0,0.0,0.0,0.0,0.0,0.0,0.0,0.0,1,1,1.0,1,0.7333333333333334
development/scenario32/2811,scenario32,15,16,0,1,0.9333333333333332,0.16553451120853424,0.1436704844236374,0.02186402678489685,0.11990641057491302,3.3799397945404053,0.5129779577255249,0.25396825396825395,0.0,0.0,0.0,0.0,1.0,1.0,0.006360797677189112,0.006253361701965332,0.0011641383171081543,0.0,1.0632489919662476,0.0,0.0,0.0,0.0,0.0,0.0,0.0,0.0,0.0,0.0,0.0,0.0,0.0,0,1,0.9333333333333332,0,0.0
development/scenario33/74,scenario33,9,9,1,1,1.0,0.05778081715106964,0.05419156700372696,0.003589250147342682,0.009357064962387085,3.7866978645324707,0.2610270082950592,0.14285714285714285,0.0,0.0,0.0,0.0,1.0,1.0,0.004408659879118204,0.004293918609619141,0.0009992718696594238,0.0,0.9889687895774841,0.0,0.0,0.0,0.0,0.0,0.0,0.0,0.0,0.0,0.0,0.0,0.0,0.0,1,1,1.0,0,0.0
development/scenario34/2099,scenario34,37,36,0,1,0.8666666666666667,0.10965777933597565,0.09714103490114212,0.012516744434833527,0.045172758400440216,3.479001045227051,0.42673155665397644,0.5714285714285714,0.0,0.0,0.0,0.0,1.0,1.0,0.012265972793102264,0.009086668491363525,0.008239328861236572,0.0,0.5982994437217712,0.0,0.0,0.0,0.0,0.0,0.0,0.0,0.0,0.0,0.0,0.0,0.0,0.0,0,1,0.9333333333333332,0,0.06666666666666654
development/scenario34/2135,scenario34,39,41,0,0,0.7333333333333334,0.11206661909818649,0.09679608047008514,0.015270538628101349,0.055547475814819336,3.542755365371704,0.42802193760871887,0.6507936507936508,0.0,0.0,0.0,0.0,1.0,1.0,0.011924858205020428,0.001755356788635254,0.011794954538345337,0.0,0.5578672289848328,0.0,0.0,0.0,0.0,0.0,0.0,0.0,0.0,0.0,0.0,0.0,0.0,0.0,0,1,0.8666666666666667,0,0.1333333333333333
development/scenario33/945,scenario33,18,15,0,0,0.5333333333333333,0.062223292887210846,0.05584975332021713,0.006373539566993713,0.00870315358042717,3.7707037925720215,0.28142333030700684,0.23809523809523808,0.0,0.0,0.0,0.0,1.0,1.0,0.010219956748187542,0.00971829891204834,0.0031626224517822266,0.0,1.0349910259246826,0.0,0.0,0.0,0.0,0.0,0.0,0.0,0.0,0.0,0.0,0.0,0.0,0.0,1,1,1.0,1,0.4666666666666667
development/scenario32/1523,scenario32,13,15,0,0,0.6666666666666666,0.11000947654247284,0.1017371267080307,0.008272349834442139,0.0546691007912159,3.5897679328918457,0.4115216135978699,0.23809523809523808,0.0,0.0,0.0,0.0,1.0,1.0,0.0056737130507826805,0.005018353462219238,0.002647101879119873,0.0,1.0708881616592407,0.0,0.0,0.0,0.0,0.0,0.0,0.0,0.0,0.0,0.0,0.0,0.0,0.0,1,1,1.0,1,0.33333333333333337
development/scenario34/1482,scenario34,21,25,0,1,0.5333333333333333,0.03642618656158447,0.036321576684713364,0.00010460987687110901,0.003678165376186371,3.9758141040802,0.17424172163009644,0.3968253968253968,0.0,0.0,0.0,0.0,1.0,1.0,0.009340882301330566,0.0017422139644622803,0.009176969528198242,0.0,0.703410267829895,0.0,0.0,0.0,0.0,0.0,0.0,0.0,0.0,0.0,0.0,0.0,0.0,0.0,1,1,1.0,1,0.4666666666666667
development/scenario34/3498,scenario34,23,42,0,0,0.0,0.10719210654497147,0.09484992176294327,0.012342184782028198,0.06148027256131172,3.6308248043060303,0.3950553834438324,0.6666666666666666,0.0,0.0,0.0,0.0,1.0,1.0,0.01676912233233452,0.0009634196758270264,0.016741424798965454,0.0,0.5073382258415222,0.0,0.0,0.0,0.0,0.0,0.0,0.0,0.0,0.0,0.0,0.0,0.0,0.0,0,0,0.0,0,0.0
development/scenario32/1093,scenario32,41,38,0,0,0.4666666666666666,0.07591840624809265,0.06971931457519531,0.006199091672897339,0.011705033481121063,3.5530357360839844,0.3442796468734741,0.6031746031746031,0.0,0.0,0.0,0.0,1.0,1.0,0.0074883257038891315,0.0033505260944366455,0.006696939468383789,0.0,0.8407185673713684,0.0,0.0,0.0,0.0,0.0,0.0,0.0,0.0,0.0,0.0,0.0,0.0,0.0,1,1,1.0,1,0.5333333333333334
development/scenario34/2756,scenario34,52,53,0,1,0.8666666666666667,0.09534170478582382,0.0770806297659874,0.018261075019836426,0.035562820732593536,3.579021453857422,0.36967313289642334,0.8412698412698413,0.0,0.0,0.0,0.0,1.0,1.0,0.007835617288947105,0.006395578384399414,0.004526972770690918,0.0,0.543500542640686,0.0,0.0,0.0,0.0,0.0,0.0,0.0,0.0,0.0,0.0,0.0,0.0,0.0,0,1,0.9333333333333332,0,0.06666666666666654
development/scenario33/841,scenario33,22,21,0,1,0.8666666666666667,0.12408014386892319,0.0858030766248703,0.03827706724405289,0.07984626293182373,3.6394217014312744,0.3869684040546417,0.3333333333333333,0.0,0.0,0.0,0.0,1.0,1.0,0.004277793224900961,0.004048347473144531,0.0013821721076965332,0.0,1.0051603317260742,0.0,0.0,0.0,0.0,0.0,0.0,0.0,0.0,0.0,0.0,0.0,0.0,0.0,0,1,0.9333333333333332,0,0.06666666666666654
development/scenario34/2996,scenario34,40,42,0,0,0.7333333333333334,0.11770181357860565,0.10468535870313644,0.013016454875469208,0.06081366911530495,3.569887399673462,0.43051525950431824,0.6666666666666666,0.0,0.0,0.0,0.0,1.0,1.0,0.0088266059756279,0.0013223886489868164,0.00872698426246643,0.0,0.5105284452438354,0.0,0.0,0.0,0.0,0.0,0.0,0.0,0.0,0.0,0.0,0.0,0.0,0.0,0,1,0.8666666666666667,0,0.1333333333333333
development/scenario34/3217,scenario34,21,25,0,0,0.3333333333333333,0.039972517639398575,0.039815451949834824,0.00015706568956375122,0.0037848278880119324,3.90923810005188,0.19193126261234283,0.3968253968253968,0.0,0.0,0.0,0.0,1.0,1.0,0.010139276273548603,0.0019685328006744385,0.009946346282958984,0.0,0.7068129777908325,0.0,0.0,0.0,0.0,0.0,0.0,0.0,0.0,0.0,0.0,0.0,0.0,0.0,1,1,1.0,1,0.6666666666666667
development/scenario33/898,scenario33,22,21,0,1,0.8666666666666667,0.12117914855480194,0.08583438396453857,0.03534476459026337,0.07843726873397827,3.6493515968322754,0.3812278211116791,0.3333333333333333,0.0,0.0,0.0,0.0,1.0,1.0,0.00408373586833477,0.004002243280410767,0.0008117556571960449,0.0,1.0063786506652832,0.0,0.0,0.0,0.0,0.0,0.0,0.0,0.0,0.0,0.0,0.0,0.0,0.0,0,1,0.8666666666666667,0,0.0
development/scenario34/4577,scenario34,46,46,1,1,1.0,0.05772099643945694,0.055180761963129044,0.002540234476327896,0.011069804430007935,3.7067790031433105,0.2678263783454895,0.7301587301587301,0.0,0.0,0.0,0.0,1.0,1.0,0.005409718491137028,0.0027546733617782593,0.0046558380126953125,0.0,0.5539504289627075,0.0,0.0,0.0,0.0,0.0,0.0,0.0,0.0,0.0,0.0,0.0,0.0,0.0,0,1,0.9333333333333332,0,-0.06666666666666676
development/scenario34/4836,scenario34,41,41,1,1,1.0,0.1325041800737381,0.11130446940660477,0.02119971066713333,0.07695446163415909,3.492357015609741,0.462531179189682,0.6507936507936508,0.0,0.0,0.0,0.0,1.0,1.0,0.017285598441958427,0.0016087591648101807,0.017210572957992554,0.0,0.5401466488838196,0.0,0.0,0.0,0.0,0.0,0.0,0.0,0.0,0.0,0.0,0.0,0.0,0.0,1,1,1.0,0,0.0
development/scenario34/879,scenario34,40,41,0,1,0.8666666666666667,0.11719319224357605,0.1007663682103157,0.016426824033260345,0.05655140429735184,3.551504135131836,0.4347771108150482,0.6507936507936508,0.0,0.0,0.0,0.0,1.0,1.0,0.01086093857884407,0.0006075501441955566,0.010843932628631592,0.0,0.5536579489707947,0.0,0.0,0.0,0.0,0.0,0.0,0.0,0.0,0.0,0.0,0.0,0.0,0.0,0,1,0.8666666666666667,0,0.0
development/scenario33/3822,scenario33,13,21,0,0,0.0,0.1235378161072731,0.08643503487110138,0.03710278123617172,0.07931838929653168,3.636322498321533,0.3880828022956848,0.3333333333333333,0.0,0.0,0.0,0.0,1.0,1.0,0.0032374595757573843,0.0032048821449279785,0.00045812129974365234,0.0,1.0025907754898071,0.0,0.0,0.0,0.0,0.0,0.0,0.0,0.0,0.0,0.0,0.0,0.0,0.0,0,0,0.0,0,0.0
development/scenario34/3043,scenario34,43,43,1,1,1.0,0.09350645542144775,0.08025270700454712,0.013253748416900635,0.04363882914185524,3.7058141231536865,0.3566034138202667,0.6825396825396826,0.0,0.0,0.0,0.0,1.0,1.0,0.010822358541190624,0.0015203356742858887,0.01071503758430481,0.0,0.4646947681903839,0.0,0.0,0.0,0.0,0.0,0.0,0.0,0.0,0.0,0.0,0.0,0.0,0.0,1,1,1.0,0,0.0
development/scenario33/376,scenario33,21,21,1,1,1.0,0.12955252826213837,0.08918070048093796,0.04037182778120041,0.08163556456565857,3.6102371215820312,0.4017377197742462,0.3333333333333333,0.0,0.0,0.0,0.0,1.0,1.0,0.0043248748406767845,0.004020124673843384,0.0015947222709655762,0.0,0.9983554482460022,0.0,0.0,0.0,0.0,0.0,0.0,0.0,0.0,0.0,0.0,0.0,0.0,0.0,1,1,1.0,0,0.0
development/scenario32/2515,scenario32,30,28,0,0,0.6666666666666666,0.12992028892040253,0.11633472889661789,0.013585560023784637,0.056430086493492126,3.2095417976379395,0.49461251497268677,0.4444444444444444,0.0,0.0,0.0,0.0,1.0,1.0,0.01188219990581274,0.0031204819679260254,0.011465132236480713,0.0,0.8955553770065308,0.0,0.0,0.0,0.0,0.0,0.0,0.0,0.0,0.0,0.0,0.0,0.0,0.0,0,1,0.7999999999999999,0,0.1333333333333333
development/scenario32/1143,scenario32,42,10,0,0,0.0,0.05677136033773422,0.054661281406879425,0.0021100789308547974,0.011391479521989822,3.8042445182800293,0.2605289816856384,0.15873015873015872,0.0,0.0,0.0,0.0,1.0,1.0,0.0048469980247318745,0.004805564880371094,0.0006324052810668945,0.0,1.0088777542114258,0.0,0.0,0.0,0.0,0.0,0.0,0.0,0.0,0.0,0.0,0.0,0.0,0.0,0,0,0.0,0,0.0
development/scenario34/763,scenario34,10,10,1,1,1.0,0.1333930641412735,0.1251377910375595,0.00825527310371399,0.05736137926578522,3.298417329788208,0.5201047658920288,0.15873015873015872,0.0,0.0,0.0,0.0,1.0,1.0,0.011030927300453186,0.01013028621673584,0.0043656229972839355,0.0,0.8841705322265625,0.0,0.0,0.0,0.0,0.0,0.0,0.0,0.0,0.0,0.0,0.0,0.0,0.0,0,1,0.9333333333333332,0,-0.06666666666666676
development/scenario32/3473,scenario32,11,13,0,0,0.7333333333333334,0.06473889201879501,0.06222652271389961,0.002512369304895401,0.012400522828102112,3.7515296936035156,0.30234789848327637,0.20634920634920634,0.0,0.0,0.0,0.0,1.0,1.0,0.0032792286947369576,0.0012638568878173828,0.0030258893966674805,0.0,1.073302984237671,0.0,0.0,0.0,0.0,0.0,0.0,0.0,0.0,0.0,0.0,0.0,0.0,0.0,0,1,0.8666666666666667,0,0.1333333333333333
development/scenario32/2189,scenario32,35,36,0,1,0.9333333333333332,0.09661557525396347,0.09056669473648071,0.006048880517482758,0.0179143026471138,3.3486475944519043,0.42861559987068176,0.5714285714285714,0.0,0.0,0.0,0.0,1.0,1.0,0.006779602728784084,0.006173551082611084,0.002801835536956787,0.0,0.906727135181427,0.0,0.0,0.0,0.0,0.0,0.0,0.0,0.0,0.0,0.0,0.0,0.0,0.0,0,1,0.9333333333333332,0,0.0
development/scenario32/1412,scenario32,16,20,0,0,0.26666666666666666,0.11935225129127502,0.11661871522665024,0.0027335360646247864,0.05830629914999008,3.420712471008301,0.4663165211677551,0.31746031746031744,0.0,0.0,0.0,0.0,1.0,1.0,0.007196727208793163,0.00618898868560791,0.003672778606414795,0.0,1.0054528713226318,0.0,0.0,0.0,0.0,0.0,0.0,0.0,0.0,0.0,0.0,0.0,0.0,0.0,0,0,0.4666666666666666,0,0.19999999999999996
development/scenario33/1788,scenario33,21,21,1,1,1.0,0.13584981858730316,0.09538071602582932,0.040469102561473846,0.0898066908121109,3.578975200653076,0.41622549295425415,0.3333333333333333,0.0,0.0,0.0,0.0,1.0,1.0,0.00425604498013854,0.0037556886672973633,0.0020021796226501465,0.0,0.9962462782859802,0.0,0.0,0.0,0.0,0.0,0.0,0.0,0.0,0.0,0.0,0.0,0.0,0.0,1,1,1.0,0,0.0
development/scenario33/4646,scenario33,28,28,1,1,1.0,0.12988556921482086,0.10982727259397507,0.020058296620845795,0.0628175288438797,3.2327795028686523,0.48645320534706116,0.4444444444444444,0.0,0.0,0.0,0.0,1.0,1.0,0.008703293278813362,0.001443028450012207,0.008582830429077148,0.0,0.8651577830314636,0.0,0.0,0.0,0.0,0.0,0.0,0.0,0.0,0.0,0.0,0.0,0.0,0.0,1,1,1.0,0,0.0
development/scenario33/4650,scenario33,30,28,0,0,0.7333333333333334,0.10311856865882874,0.0982605516910553,0.0048580169677734375,0.017042145133018494,3.2415425777435303,0.4665549397468567,0.4444444444444444,0.0,0.0,0.0,0.0,1.0,1.0,0.005797342862933874,0.0015029311180114746,0.0055991411209106445,0.0,0.8551985621452332,0.0,0.0,0.0,0.0,0.0,0.0,0.0,0.0,0.0,0.0,0.0,0.0,0.0,0,1,0.9333333333333332,0,0.19999999999999984
development/scenario34/4839,scenario34,43,41,0,1,0.7999999999999999,0.1254400610923767,0.12004785239696503,0.005392208695411682,0.07981905341148376,3.5147459506988525,0.4512491524219513,0.6507936507936508,0.0,0.0,0.0,0.0,1.0,1.0,0.01761658675968647,0.0017146468162536621,0.017532944679260254,0.0,0.5282865762710571,0.0,0.0,0.0,0.0,0.0,0.0,0.0,0.0,0.0,0.0,0.0,0.0,0.0,0,1,0.9333333333333332,0,0.1333333333333333
development/scenario34/2773,scenario34,53,53,1,1,1.0,0.0945115014910698,0.07617861032485962,0.018332891166210175,0.03468336537480354,3.5779190063476562,0.3682343661785126,0.8412698412698413,0.0,0.0,0.0,0.0,1.0,1.0,0.007134619634598494,0.005511820316314697,0.004530191421508789,0.0,0.5438308715820312,0.0,0.0,0.0,0.0,0.0,0.0,0.0,0.0,0.0,0.0,0.0,0.0,0.0,1,1,1.0,0,0.0
development/scenario32/2764,scenario32,15,16,0,1,0.9333333333333332,0.19973382353782654,0.14045210182666779,0.05928172171115875,0.14714306592941284,3.238309383392334,0.5631552934646606,0.25396825396825395,0.0,0.0,0.0,0.0,1.0,1.0,0.006216614507138729,0.006197512149810791,0.0004869699478149414,0.0,1.0506967306137085,0.0,0.0,0.0,0.0,0.0,0.0,0.0,0.0,0.0,0.0,0.0,0.0,0.0,0,1,0.9333333333333332,0,0.0
development/scenario32/1718,scenario32,33,36,0,1,0.6666666666666666,0.09040630608797073,0.08883687108755112,0.0015694350004196167,0.012319676578044891,3.342487335205078,0.42817381024360657,0.5714285714285714,0.0,0.0,0.0,0.0,1.0,1.0,0.007712796796113253,0.005990326404571533,0.0048583149909973145,0.0,0.9106805324554443,0.0,0.0,0.0,0.0,0.0,0.0,0.0,0.0,0.0,0.0,0.0,0.0,0.0,1,1,1.0,1,0.33333333333333337
development/scenario32/2006,scenario32,12,12,1,1,1.0,0.06243021413683891,0.05925625562667847,0.003173958510160446,0.012777753174304962,3.7890586853027344,0.27897194027900696,0.19047619047619047,0.0,0.0,0.0,0.0,1.0,1.0,0.003689770819619298,0.0011513829231262207,0.003505527973175049,0.0,1.081265926361084,0.0,0.0,0.0,0.0,0.0,0.0,0.0,0.0,0.0,0.0,0.0,0.0,0.0,1,1,1.0,0,0.0
development/scenario33/3988,scenario33,14,16,0,1,0.7999999999999999,0.10314449667930603,0.10068214684724808,0.002462349832057953,0.04775410518050194,3.5423166751861572,0.4070667624473572,0.25396825396825395,0.0,0.0,0.0,0.0,1.0,1.0,0.008175290189683437,0.007134497165679932,0.0039917826652526855,0.0,1.0058646202087402,0.0,0.0,0.0,0.0,0.0,0.0,0.0,0.0,0.0,0.0,0.0,0.0,0.0,0,1,0.8666666666666667,0,0.06666666666666676
development/scenario34/2036,scenario34,54,46,0,0,0.0,0.05276907607913017,0.05208873376250267,0.0006803423166275024,0.005803197622299194,3.725847005844116,0.2536182105541229,0.7301587301587301,0.0,0.0,0.0,0.0,1.0,1.0,0.016161413863301277,0.015636920928955078,0.004083871841430664,0.0,0.5720257759094238,0.0,0.0,0.0,0.0,0.0,0.0,0.0,0.0,0.0,0.0,0.0,0.0,0.0,0,1,0.9333333333333332,0,0.9333333333333332
development/scenario32/77,scenario32,15,21,0,0,0.0,0.1289960891008377,0.08941861242055893,0.03957747668027878,0.08091077208518982,3.5971779823303223,0.4065104126930237,0.3333333333333333,0.0,0.0,0.0,0.0,1.0,1.0,0.009016131050884724,0.005020469427108765,0.007489025592803955,0.0,0.9928064942359924,0.0,0.0,0.0,0.0,0.0,0.0,0.0,0.0,0.0,0.0,0.0,0.0,0.0,1,1,1.0,1,1.0
development/scenario33/2078,scenario33,5,5,1,1,1.0,0.07199519127607346,0.06494436413049698,0.007050827145576477,0.023880187422037125,3.760925769805908,0.3018883168697357,0.07936507936507936,0.0,0.0,0.0,0.0,1.0,1.0,0.00115777098108083,0.0009152442216873169,0.0007090568542480469,0.0,0.9784119129180908,0.0,0.0,0.0,0.0,0.0,0.0,0.0,0.0,0.0,0.0,0.0,0.0,0.0,0,1,0.8666666666666667,0,-0.1333333333333333
development/scenario33/170,scenario33,23,25,0,0,0.6,0.11972493678331375,0.1120074912905693,0.007717445492744446,0.04949578642845154,3.3101487159729004,0.4816191494464874,0.3968253968253968,0.0,0.0,0.0,0.0,1.0,1.0,0.006585847120732069,0.0011754631996154785,0.006480097770690918,0.0,0.8779136538505554,0.0,0.0,0.0,0.0,0.0,0.0,0.0,0.0,0.0,0.0,0.0,0.0,0.0,0,1,0.7999999999999999,0,0.19999999999999996
development/scenario34/3264,scenario34,41,41,1,1,1.0,0.13040903210639954,0.10761050134897232,0.022798530757427216,0.07135537266731262,3.4988927841186523,0.4592602252960205,0.6507936507936508,0.0,0.0,0.0,0.0,1.0,1.0,0.016146481037139893,0.0013303160667419434,0.016091585159301758,0.0,0.5438926815986633,0.0,0.0,0.0,0.0,0.0,0.0,0.0,0.0,0.0,0.0,0.0,0.0,0.0,1,1,1.0,0,0.0
development/scenario34/2408,scenario34,37,36,0,1,0.9333333333333332,0.14192737638950348,0.1246093213558197,0.017318055033683777,0.08137877285480499,3.298654079437256,0.5116531848907471,0.5714285714285714,0.0,0.0,0.0,0.0,1.0,1.0,0.011243254877626896,0.0053351521492004395,0.009896814823150635,0.0,0.60275799036026,0.0,0.0,0.0,0.0,0.0,0.0,0.0,0.0,0.0,0.0,0.0,0.0,0.0,1,1,1.0,1,0.06666666666666676
development/scenario32/1545,scenario32,7,6,0,0,0.8000000000000002,0.04997270181775093,0.047702815383672714,0.0022698864340782166,0.0038039125502109528,3.911259412765503,0.2366117537021637,0.09523809523809523,0.0,0.0,0.0,0.0,1.0,1.0,0.009090354666113853,0.008366316556930542,0.0035551786422729492,0.0,1.0842769145965576,0.0,0.0,0.0,0.0,0.0,0.0,0.0,0.0,0.0,0.0,0.0,0.0,0.0,0,1,0.7999999999999999,0,-2.220446049250313e-16
development/scenario34/2433,scenario34,42,38,0,0,0.39999999999999997,0.104136623442173,0.10295695066452026,0.0011796727776527405,0.041649121791124344,3.4889137744903564,0.4469774067401886,0.6031746031746031,0.0,0.0,0.0,0.0,1.0,1.0,0.013517645187675953,0.0022955238819122314,0.01332131028175354,0.0,0.5639446973800659,0.0,0.0,0.0,0.0,0.0,0.0,0.0,0.0,0.0,0.0,0.0,0.0,0.0,0,0,0.5333333333333333,0,0.13333333333333336
development/scenario32/1113,scenario32,55,50,0,0,0.5333333333333333,0.044243838638067245,0.04288904368877411,0.0013547949492931366,0.0031584762036800385,3.8085007667541504,0.2123216688632965,0.7936507936507936,0.0,0.0,0.0,0.0,1.0,1.0,0.008711697533726692,0.0032698512077331543,0.008074760437011719,0.0,0.8036181926727295,0.0,0.0,0.0,0.0,0.0,0.0,0.0,0.0,0.0,0.0,0.0,0.0,0.0,1,1,1.0,1,0.4666666666666667
development/scenario33/334,scenario33,29,28,0,1,0.9333333333333332,0.10256968438625336,0.09716983139514923,0.005399852991104126,0.015077345073223114,3.206639289855957,0.4680383503437042,0.4444444444444444,0.0,0.0,0.0,0.0,1.0,1.0,0.006248354911804199,0.0037891268730163574,0.0049683451652526855,0.0,0.8851684331893921,0.0,0.0,0.0,0.0,0.0,0.0,0.0,0.0,0.0,0.0,0.0,0.0,0.0,0,1,0.9333333333333332,0,0.0
development/scenario33/3769,scenario33,21,21,1,1,1.0,0.1363147795200348,0.09693390876054764,0.03938087075948715,0.08885787427425385,3.562455415725708,0.4225628972053528,0.3333333333333333,0.0,0.0,0.0,0.0,1.0,1.0,0.00419581076130271,0.003925025463104248,0.0014829039573669434,0.0,0.9918884634971619,0.0,0.0,0.0,0.0,0.0,0.0,0.0,0.0,0.0,0.0,0.0,0.0,0.0,1,1,1.0,0,0.0
development/scenario34/882,scenario34,40,41,0,1,0.8666666666666667,0.11999049037694931,0.10936440527439117,0.010626085102558136,0.06877107918262482,3.5465664863586426,0.43892401456832886,0.6507936507936508,0.0,0.0,0.0,0.0,1.0,1.0,0.01096944697201252,0.0009536445140838623,0.010927915573120117,0.0,0.5474118590354919,0.0,0.0,0.0,0.0,0.0,0.0,0.0,0.0,0.0,0.0,0.0,0.0,0.0,0,1,0.8666666666666667,0,0.0
development/scenario33/1155,scenario33,58,54,0,0,0.19999999999999996,0.04150101915001869,0.03877153620123863,0.00272948294878006,0.004205528646707535,3.9167473316192627,0.19362376630306244,0.8571428571428571,0.0,0.0,0.0,0.0,1.0,1.0,0.010996276512742043,0.0012231767177581787,0.010928034782409668,0.0,0.7610505819320679,0.0,0.0,0.0,0.0,0.0,0.0,0.0,0.0,0.0,0.0,0.0,0.0,0.0,0,1,0.8666666666666667,0,0.6666666666666667
development/scenario33/2733,scenario33,44,47,0,1,0.6666666666666666,0.04359808936715126,0.0430934876203537,0.0005046017467975616,0.002196274697780609,3.7465920448303223,0.21314287185668945,0.746031746031746,0.0,0.0,0.0,0.0,1.0,1.0,0.005271597299724817,0.003960013389587402,0.0034796595573425293,0.0,0.8160780668258667,0.0,0.0,0.0,0.0,0.0,0.0,0.0,0.0,0.0,0.0,0.0,0.0,0.0,0,1,0.8666666666666667,0,0.20000000000000007
development/scenario34/1803,scenario34,40,39,0,1,0.9333333333333332,0.11301577836275101,0.11069139838218689,0.0023243799805641174,0.044329166412353516,3.360907793045044,0.5025640726089478,0.6190476190476191,0.0,0.0,0.0,0.0,1.0,1.0,0.004375632852315903,0.004103899002075195,0.001517951488494873,0.0,0.5270010232925415,0.0,0.0,0.0,0.0,0.0,0.0,0.0,0.0,0.0,0.0,0.0,0.0,0.0,0,1,0.9333333333333332,0,0.0
development/scenario34/4688,scenario34,23,42,0,0,0.0,0.10650883615016937,0.09593111276626587,0.010577723383903503,0.062172532081604004,3.6281487941741943,0.39523977041244507,0.6666666666666666,0.0,0.0,0.0,0.0,1.0,1.0,0.01422677282243967,0.00047335028648376465,0.014218896627426147,0.0,0.4985760748386383,0.0,0.0,0.0,0.0,0.0,0.0,0.0,0.0,0.0,0.0,0.0,0.0,0.0,0,0,0.0,0,0.0
development/scenario32/1736,scenario32,22,25,0,0,0.4666666666666666,0.1422100067138672,0.12000852823257446,0.022201478481292725,0.0805416852235794,3.2273330688476562,0.511462926864624,0.3968253968253968,0.0,0.0,0.0,0.0,1.0,1.0,0.007896145805716515,0.0063010454177856445,0.004758775234222412,0.0,0.9629921317100525,0.0,0.0,0.0,0.0,0.0,0.0,0.0,0.0,0.0,0.0,0.0,0.0,0.0,1,1,1.0,1,0.5333333333333334
development/scenario33/2953,scenario33,15,15,1,1,1.0,0.07409656792879105,0.06561708450317383,0.008479483425617218,0.014789100736379623,3.7040605545043945,0.32290953397750854,0.23809523809523808,0.0,0.0,0.0,0.0,1.0,1.0,0.009672334417700768,0.009230941534042358,0.0028885602951049805,0.0,1.0210648775100708,0.0,0.0,0.0,0.0,0.0,0.0,0.0,0.0,0.0,0.0,0.0,0.0,0.0,1,1,1.0,0,0.0
development/scenario34/3820,scenario34,6,6,1,1,1.0,0.10367846488952637,0.10073001682758331,0.002948448061943054,0.04870135709643364,3.599924325942993,0.4090486466884613,0.09523809523809523,0.0,0.0,0.0,0.0,1.0,1.0,0.006374227348715067,0.005599260330200195,0.0030461549758911133,0.0,1.055684208869934,0.0,0.0,0.0,0.0,0.0,0.0,0.0,0.0,0.0,0.0,0.0,0.0,0.0,1,1,1.0,0,0.0
development/scenario33/622,scenario33,33,32,0,0,0.8000000000000002,0.1016702651977539,0.09376499801874161,0.007905267179012299,0.014202713966369629,3.2061991691589355,0.46563056111335754,0.5079365079365079,0.0,0.0,0.0,0.0,1.0,1.0,0.00586941372603178,0.004289448261260986,0.004006326198577881,0.0,0.8880440592765808,0.0,0.0,0.0,0.0,0.0,0.0,0.0,0.0,0.0,0.0,0.0,0.0,0.0,0,1,0.8666666666666667,0,0.06666666666666654
development/scenario34/664,scenario34,9,9,1,1,1.0,0.13057968020439148,0.1149204820394516,0.01565919816493988,0.06111627072095871,3.3943629264831543,0.5000590085983276,0.14285714285714285,0.0,0.0,0.0,0.0,1.0,1.0,0.026800258085131645,0.026247084140777588,0.005417048931121826,0.0,0.9661549925804138,0.0,0.0,0.0,0.0,0.0,0.0,0.0,0.0,0.0,0.0,0.0,0.0,0.0,1,1,1.0,0,0.0
development/scenario33/1573,scenario33,12,12,1,1,1.0,0.06692584604024887,0.06282304227352142,0.0041028037667274475,0.014712151139974594,3.7293765544891357,0.296559602022171,0.19047619047619047,0.0,0.0,0.0,0.0,1.0,1.0,0.008183344267308712,0.007924079895019531,0.0020435452461242676,0.0,1.001076579093933,0.0,0.0,0.0,0.0,0.0,0.0,0.0,0.0,0.0,0.0,0.0,0.0,0.0,1,1,1.0,0,0.0
development/scenario32/767,scenario32,21,20,0,1,0.8666666666666667,0.1260337233543396,0.11940484493970871,0.00662887841463089,0.06621217727661133,3.380518674850464,0.48530131578445435,0.31746031746031744,0.0,0.0,0.0,0.0,1.0,1.0,0.0066949608735740185,0.006459236145019531,0.0017609000205993652,0.0,1.0121304988861084,0.0,0.0,0.0,0.0,0.0,0.0,0.0,0.0,0.0,0.0,0.0,0.0,0.0,1,1,1.0,1,0.1333333333333333
development/scenario33/2599,scenario33,12,12,1,1,1.0,0.06401561200618744,0.059327978640794754,0.004687633365392685,0.015300627797842026,3.755492687225342,0.2845611274242401,0.19047619047619047,0.0,0.0,0.0,0.0,1.0,1.0,0.006638864520937204,0.006478607654571533,0.001449882984161377,0.0,1.0053892135620117,0.0,0.0,0.0,0.0,0.0,0.0,0.0,0.0,0.0,0.0,0.0,0.0,0.0,1,1,1.0,0,0.0
development/scenario33/2421,scenario33,21,21,1,1,1.0,0.13120423257350922,0.08973897248506546,0.041465260088443756,0.0844835489988327,3.6117210388183594,0.4015933871269226,0.3333333333333333,0.0,0.0,0.0,0.0,1.0,1.0,0.00436000619083643,0.004114031791687012,0.0014437437057495117,0.0,1.0025684833526611,0.0,0.0,0.0,0.0,0.0,0.0,0.0,0.0,0.0,0.0,0.0,0.0,0.0,1,1,1.0,0,0.0
development/scenario34/3907,scenario34,53,53,1,1,1.0,0.09629715234041214,0.08281420916318893,0.013482943177223206,0.04167012870311737,3.6346707344055176,0.36051011085510254,0.8412698412698413,0.0,0.0,0.0,0.0,1.0,1.0,0.004744421225041151,0.0013633444905281067,0.004544317722320557,0.0,0.5367178320884705,0.0,0.0,0.0,0.0,0.0,0.0,0.0,0.0,0.0,0.0,0.0,0.0,0.0,1,1,1.0,0,0.0
development/scenario33/2498,scenario33,14,15,0,1,0.8666666666666667,0.059871990233659744,0.054908379912376404,0.0049636103212833405,0.008452419191598892,3.791769027709961,0.2724919319152832,0.23809523809523808,0.0,0.0,0.0,0.0,1.0,1.0,0.004378302022814751,0.0037352144718170166,0.002284228801727295,0.0,1.0453431606292725,0.0,0.0,0.0,0.0,0.0,0.0,0.0,0.0,0.0,0.0,0.0,0.0,0.0,0,1,0.8666666666666667,0,0.0
development/scenario33/3849,scenario33,16,19,0,0,0.6,0.0752025842666626,0.07071875780820847,0.004483826458454132,0.021907299757003784,3.709411144256592,0.30988842248916626,0.30158730158730157,0.0,0.0,0.0,0.0,1.0,1.0,0.003308971179649234,0.0025223195552825928,0.0021417737007141113,0.0,1.0211204290390015,0.0,0.0,0.0,0.0,0.0,0.0,0.0,0.0,0.0,0.0,0.0,0.0,0.0,1,1,1.0,1,0.4
development/scenario34/2332,scenario34,54,44,0,0,0.0,0.0522618442773819,0.05185238644480705,0.00040945783257484436,0.0037960857152938843,3.728635549545288,0.2537928819656372,0.6984126984126984,0.0,0.0,0.0,0.0,1.0,1.0,0.019647767767310143,0.019243896007537842,0.0039632320404052734,0.0,0.5686028003692627,0.0,0.0,0.0,0.0,0.0,0.0,0.0,0.0,0.0,0.0,0.0,0.0,0.0,1,1,1.0,1,1.0
development/scenario32/628,scenario32,25,25,1,1,1.0,0.11765022575855255,0.10395306348800659,0.01369716227054596,0.04127611219882965,3.328054904937744,0.45412665605545044,0.3968253968253968,0.0,0.0,0.0,0.0,1.0,1.0,0.00672689825296402,0.006493866443634033,0.0017552375793457031,0.0,0.9815212488174438,0.0,0.0,0.0,0.0,0.0,0.0,0.0,0.0,0.0,0.0,0.0,0.0,0.0,1,1,1.0,0,0.0
development/scenario32/1378,scenario32,28,27,0,1,0.9333333333333332,0.1265544444322586,0.11290442198514938,0.013650022447109222,0.0523444339632988,3.237853527069092,0.5003387331962585,0.42857142857142855,0.0,0.0,0.0,0.0,1.0,1.0,0.006235748063772917,0.00618821382522583,0.0007684826850891113,0.0,0.9392340183258057,0.0,0.0,0.0,0.0,0.0,0.0,0.0,0.0,0.0,0.0,0.0,0.0,0.0,1,1,1.0,1,0.06666666666666676
development/scenario34/4122,scenario34,41,42,0,1,0.9333333333333332,0.11903105676174164,0.11083541810512543,0.008195638656616211,0.06643298268318176,3.557279586791992,0.4364406168460846,0.6666666666666666,0.0,0.0,0.0,0.0,1.0,1.0,0.014188550412654877,0.001394122838973999,0.014119893312454224,0.0,0.5218247771263123,0.0,0.0,0.0,0.0,0.0,0.0,0.0,0.0,0.0,0.0,0.0,0.0,0.0,1,1,1.0,1,0.06666666666666676
development/scenario33/228,scenario33,38,38,1,1,1.0,0.07039583474397659,0.06662358343601227,0.003772251307964325,0.008569560945034027,3.584548234939575,0.3302997052669525,0.6031746031746031,0.0,0.0,0.0,0.0,1.0,1.0,0.005344478879123926,0.0009332001209259033,0.0052623748779296875,0.0,0.7936972379684448,0.0,0.0,0.0,0.0,0.0,0.0,0.0,0.0,0.0,0.0,0.0,0.0,0.0,1,1,1.0,0,0.0
development/scenario34/476,scenario34,15,38,0,0,0.0,0.13162751495838165,0.1045001819729805,0.027127332985401154,0.08070795983076096,3.4660768508911133,0.4498084485530853,0.6031746031746031,0.0,0.0,0.0,0.0,1.0,1.0,0.011446964927017689,0.002233058214187622,0.011227041482925415,0.0,0.5829794406890869,0.0,0.0,0.0,0.0,0.0,0.0,0.0,0.0,0.0,0.0,0.0,0.0,0.0,0,1,0.7333333333333334,0,0.7333333333333334
development/scenario33/4025,scenario33,18,19,0,1,0.9333333333333332,0.1784442961215973,0.14188848435878754,0.03655581176280975,0.12847749888896942,3.210143566131592,0.5487107038497925,0.30158730158730157,0.0,0.0,0.0,0.0,1.0,1.0,0.0028581812512129545,0.0017171204090118408,0.0022848844528198242,0.0,0.9638758897781372,0.0,0.0,0.0,0.0,0.0,0.0,0.0,0.0,0.0,0.0,0.0,0.0,0.0,0,1,0.9333333333333332,0,0.0
development/scenario32/2745,scenario32,16,16,1,1,1.0,0.14414747059345245,0.12165829539299011,0.02248917520046234,0.06299066543579102,3.263943672180176,0.5459837317466736,0.25396825396825395,0.0,0.0,0.0,0.0,1.0,1.0,0.006243987008929253,0.006239116191864014,0.000246584415435791,0.0,1.0379951000213623,0.0,0.0,0.0,0.0,0.0,0.0,0.0,0.0,0.0,0.0,0.0,0.0,0.0,0,1,0.8666666666666667,0,-0.1333333333333333
development/scenario33/902,scenario33,21,21,1,1,1.0,0.11823472380638123,0.08580915629863739,0.032425567507743835,0.07692089676856995,3.65887451171875,0.37546637654304504,0.3333333333333333,0.0,0.0,0.0,0.0,1.0,1.0,0.004027205053716898,0.004000216722488403,0.0004654526710510254,0.0,1.0076266527175903,0.0,0.0,0.0,0.0,0.0,0.0,0.0,0.0,0.0,0.0,0.0,0.0,0.0,1,1,1.0,0,0.0
development/scenario33/4668,scenario33,42,41,0,0,0.8000000000000002,0.06832627207040787,0.06483275443315506,0.0034935176372528076,0.007453519850969315,3.6011803150177,0.32107114791870117,0.6507936507936508,0.0,0.0,0.0,0.0,1.0,1.0,0.009320192970335484,0.0012215673923492432,0.009239792823791504,0.0,0.8053361773490906,0.0,0.0,0.0,0.0,0.0,0.0,0.0,0.0,0.0,0.0,0.0,0.0,0.0,0,1,0.9333333333333332,0,0.13333333333333308
development/scenario34/4647,scenario34,35,36,0,1,0.8666666666666667,0.15134069323539734,0.14083707332611084,0.010503619909286499,0.08917444944381714,3.2047691345214844,0.5487796068191528,0.5714285714285714,0.0,0.0,0.0,0.0,1.0,1.0,0.011235930025577545,0.002560913562774658,0.010940194129943848,0.0,0.6152834892272949,0.0,0.0,0.0,0.0,0.0,0.0,0.0,0.0,0.0,0.0,0.0,0.0,0.0,0,0,0.8000000000000002,0,-0.06666666666666654
development/scenario33/2788,scenario33,21,21,1,1,1.0,0.12625177204608917,0.10073769837617874,0.02551407366991043,0.07250555604696274,3.4724855422973633,0.4407445788383484,0.3333333333333333,0.0,0.0,0.0,0.0,1.0,1.0,0.005626502446830273,0.0037969648838043213,0.004152178764343262,0.0,0.9683161973953247,0.0,0.0,0.0,0.0,0.0,0.0,0.0,0.0,0.0,0.0,0.0,0.0,0.0,0,1,0.9333333333333332,0,-0.06666666666666676
development/scenario33/256,scenario33,42,42,1,1,1.0,0.046698227524757385,0.04594326764345169,0.0007549598813056946,0.00461336225271225,3.7442994117736816,0.22151891887187958,0.6666666666666666,0.0,0.0,0.0,0.0,1.0,1.0,0.004339510574936867,0.001040041446685791,0.0042130351066589355,0.0,0.775679349899292,0.0,0.0,0.0,0.0,0.0,0.0,0.0,0.0,0.0,0.0,0.0,0.0,0.0,0,1,0.9333333333333332,0,-0.06666666666666676
development/scenario33/122,scenario33,15,16,0,1,0.8666666666666667,0.10911942273378372,0.09652496129274368,0.012594461441040039,0.04543408751487732,3.430849075317383,0.4487886428833008,0.25396825396825395,0.0,0.0,0.0,0.0,1.0,1.0,0.00695482362061739,0.0038562119007110596,0.005787849426269531,0.0,0.9835478663444519,0.0,0.0,0.0,0.0,0.0,0.0,0.0,0.0,0.0,0.0,0.0,0.0,0.0,0,1,0.9333333333333332,0,0.06666666666666654
development/scenario34/1661,scenario34,5,15,0,0,0.0,0.038068126887083054,0.03750977665185928,0.0005583502352237701,0.0024173781275749207,3.822633743286133,0.1853245049715042,0.23809523809523808,0.0,0.0,0.0,0.0,1.0,1.0,0.004920254927128553,0.004832625389099121,0.0009244680404663086,0.0,0.7439116835594177,0.0,0.0,0.0,0.0,0.0,0.0,0.0,0.0,0.0,0.0,0.0,0.0,0.0,0,1,0.9333333333333332,0,0.9333333333333332
development/scenario33/2483,scenario33,19,19,1,1,1.0,0.060927923768758774,0.05472042039036751,0.006207503378391266,0.01485641673207283,3.7980282306671143,0.25927722454071045,0.30158730158730157,0.0,0.0,0.0,0.0,1.0,1.0,0.0028784279711544514,0.0020534098148345947,0.0020171403884887695,0.0,1.0362955331802368,0.0,0.0,0.0,0.0,0.0,0.0,0.0,0.0,0.0,0.0,0.0,0.0,0.0,1,1,1.0,0,0.0
development/scenario33/3509,scenario33,3,5,0,0,0.7333333333333334,0.07766948640346527,0.06927313655614853,0.008396349847316742,0.02908957749605179,3.7792999744415283,0.31674453616142273,0.07936507936507936,0.0,0.0,0.0,0.0,1.0,1.0,0.022136760875582695,0.022135987877845764,0.0001850724220275879,0.0,0.9951313138008118,0.0,0.0,0.0,0.0,0.0,0.0,0.0,0.0,0.0,0.0,0.0,0.0,0.0,1,1,1.0,1,0.2666666666666666
development/scenario34/2452,scenario34,42,42,1,1,1.0,0.11909008026123047,0.10815290361642838,0.010937176644802094,0.062217649072408676,3.556398391723633,0.43691110610961914,0.6666666666666666,0.0,0.0,0.0,0.0,1.0,1.0,0.015294762328267097,0.0016598403453826904,0.015204429626464844,0.0,0.5095898509025574,0.0,0.0,0.0,0.0,0.0,0.0,0.0,0.0,0.0,0.0,0.0,0.0,0.0,1,1,1.0,0,0.0
development/scenario33/3368,scenario33,20,21,0,1,0.9333333333333332,0.10092024505138397,0.08461413532495499,0.016306109726428986,0.062334705144166946,3.706204414367676,0.34675532579421997,0.3333333333333333,0.0,0.0,0.0,0.0,1.0,1.0,0.004144582431763411,0.004119902849197388,0.00045162439346313477,0.0,1.0147314071655273,0.0,0.0,0.0,0.0,0.0,0.0,0.0,0.0,0.0,0.0,0.0,0.0,0.0,1,1,1.0,1,0.06666666666666676
development/scenario34/3885,scenario34,42,36,0,0,0.0,0.045124102383852005,0.043365705758333206,0.0017583966255187988,0.00935789942741394,3.96506667137146,0.2019895613193512,0.5714285714285714,0.0,0.0,0.0,0.0,1.0,1.0,0.025278154760599136,0.024937301874160767,0.004137158393859863,0.0,0.628834068775177,0.0,0.0,0.0,0.0,0.0,0.0,0.0,0.0,0.0,0.0,0.0,0.0,0.0,1,1,1.0,1,1.0
development/scenario34/4743,scenario34,23,32,0,0,0.39999999999999997,0.032557759433984756,0.03246424347162247,9.351596236228943e-05,0.0007852800190448761,3.999056816101074,0.16051819920539856,0.5079365079365079,0.0,0.0,0.0,0.0,1.0,1.0,0.011906991712749004,0.011761069297790527,0.0018584132194519043,0.0,0.6327651143074036,0.0,0.0,0.0,0.0,0.0,0.0,0.0,0.0,0.0,0.0,0.0,0.0,0.0,0,1,0.9333333333333332,0,0.5333333333333332
development/scenario32/3112,scenario32,12,10,0,0,0.6666666666666666,0.0543670691549778,0.051773108541965485,0.002593960613012314,0.010603342205286026,3.8344030380249023,0.2493411898612976,0.15873015873015872,0.0,0.0,0.0,0.0,1.0,1.0,0.002841162495315075,0.0027628839015960693,0.0006623268127441406,0.0,1.0194518566131592,0.0,0.0,0.0,0.0,0.0,0.0,0.0,0.0,0.0,0.0,0.0,0.0,0.0,0,0,0.0,0,-0.6666666666666666
development/scenario33/1558,scenario33,9,9,1,1,1.0,0.058647602796554565,0.05611464008688927,0.0025329627096652985,0.011091910302639008,3.7849934101104736,0.2600889801979065,0.14285714285714285,0.0,0.0,0.0,0.0,1.0,1.0,0.005468613002449274,0.0053817033767700195,0.0009710788726806641,0.0,0.9897578358650208,0.0,0.0,0.0,0.0,0.0,0.0,0.0,0.0,0.0,0.0,0.0,0.0,0.0,1,1,1.0,0,0.0
development/scenario33/2527,scenario33,12,10,0,0,0.6666666666666666,0.052903588861227036,0.04991224408149719,0.002991344779729843,0.009528756141662598,3.856318950653076,0.2417660355567932,0.15873015873015872,0.0,0.0,0.0,0.0,1.0,1.0,0.005729899276047945,0.005729854106903076,2.276897430419922e-05,0.0,1.0276397466659546,0.0,0.0,0.0,0.0,0.0,0.0,0.0,0.0,0.0,0.0,0.0,0.0,0.0,1,1,1.0,1,0.33333333333333337
development/scenario34/2441,scenario34,41,41,1,1,1.0,0.13245388865470886,0.10208574682474136,0.0303681418299675,0.07185770571231842,3.472923755645752,0.4654543697834015,0.6507936507936508,0.0,0.0,0.0,0.0,1.0,1.0,0.014283397234976292,0.0017066001892089844,0.014181077480316162,0.0,0.5420680046081543,0.0,0.0,0.0,0.0,0.0,0.0,0.0,0.0,0.0,0.0,0.0,0.0,0.0,1,1,1.0,0,0.0
development/scenario34/4383,scenario34,27,27,1,1,1.0,0.09075597673654556,0.08802839368581772,0.0027275830507278442,0.023710347712039948,3.3859431743621826,0.39844363927841187,0.42857142857142855,0.0,0.0,0.0,0.0,1.0,1.0,0.005556129384785891,0.005510538816452026,0.0007103085517883301,0.0,0.6606752276420593,0.0,0.0,0.0,0.0,0.0,0.0,0.0,0.0,0.0,0.0,0.0,0.0,0.0,1,1,1.0,0,0.0
development/scenario33/1878,scenario33,12,10,0,1,0.7999999999999999,0.05273407697677612,0.051373131573200226,0.0013609454035758972,0.010083969682455063,3.8630642890930176,0.24418728053569794,0.15873015873015872,0.0,0.0,0.0,0.0,1.0,1.0,0.0131118418648839,0.012927919626235962,0.002188444137573242,0.0,1.0400477647781372,0.0,0.0,0.0,0.0,0.0,0.0,0.0,0.0,0.0,0.0,0.0,0.0,0.0,1,1,1.0,1,0.20000000000000007
development/scenario33/43,scenario33,3,5,0,0,0.7333333333333334,0.07601097971200943,0.06825941801071167,0.00775156170129776,0.026069384068250656,3.7622857093811035,0.3150639533996582,0.07936507936507936,0.0,0.0,0.0,0.0,1.0,1.0,0.002644722117111087,0.0025594085454940796,0.0006663203239440918,0.0,0.9782076478004456,0.0,0.0,0.0,0.0,0.0,0.0,0.0,0.0,0.0,0.0,0.0,0.0,0.0,0,1,0.8666666666666667,0,0.1333333333333333
development/scenario32/368,scenario32,17,21,0,0,0.26666666666666666,0.13710497319698334,0.09803136438131332,0.03907360881567001,0.08902674168348312,3.549574851989746,0.42722296714782715,0.3333333333333333,0.0,0.0,0.0,0.0,1.0,1.0,0.012025023810565472,0.005692183971405029,0.010592460632324219,0.0,0.9906215667724609,0.0,0.0,0.0,0.0,0.0,0.0,0.0,0.0,0.0,0.0,0.0,0.0,0.0,1,1,1.0,1,0.7333333333333334
development/scenario34/5035,scenario34,38,38,1,1,1.0,0.056261464953422546,0.054927751421928406,0.0013337135314941406,0.009429492056369781,3.8033266067504883,0.2561151087284088,0.6031746031746031,0.0,0.0,0.0,0.0,1.0,1.0,0.009863070212304592,0.007970616221427917,0.005809426307678223,0.0,0.571191132068634,0.0,0.0,0.0,0.0,0.0,0.0,0.0,0.0,0.0,0.0,0.0,0.0,0.0,1,1,1.0,0,0.0
development/scenario34/1235,scenario34,33,33,1,1,1.0,0.128530353307724,0.11547055095434189,0.01305980235338211,0.055799223482608795,3.2284903526306152,0.4978792369365692,0.5238095238095238,0.0,0.0,0.0,0.0,1.0,1.0,0.008675643242895603,0.0009723901748657227,0.008620977401733398,0.0,0.6446025371551514,0.0,0.0,0.0,0.0,0.0,0.0,0.0,0.0,0.0,0.0,0.0,0.0,0.0,1,1,1.0,0,0.0
development/scenario32/1835,scenario32,19,19,1,1,1.0,0.14950600266456604,0.13168947398662567,0.01781652867794037,0.07932440936565399,3.2773027420043945,0.5312802195549011,0.30158730158730157,0.0,0.0,0.0,0.0,1.0,1.0,0.006401334423571825,0.0063454508781433105,0.0008440017700195312,0.0,1.0310357809066772,0.0,0.0,0.0,0.0,0.0,0.0,0.0,0.0,0.0,0.0,0.0,0.0,0.0,1,1,1.0,0,0.0
development/scenario33/3607,scenario33,21,21,1,1,1.0,0.11727319657802582,0.10513489693403244,0.012138299643993378,0.06082025170326233,3.491265058517456,0.442084938287735,0.3333333333333333,0.0,0.0,0.0,0.0,1.0,1.0,0.008185605518519878,0.0029474198818206787,0.007636547088623047,0.0,0.9631315469741821,0.0,0.0,0.0,0.0,0.0,0.0,0.0,0.0,0.0,0.0,0.0,0.0,0.0,1,1,1.0,0,0.0
development/scenario34/3309,scenario34,42,42,1,1,1.0,0.10819628089666367,0.09510187804698944,0.013094402849674225,0.06189638003706932,3.6115074157714844,0.40367305278778076,0.6666666666666666,0.0,0.0,0.0,0.0,1.0,1.0,0.003946558106690645,0.002765476703643799,0.0028155744075775146,0.0,0.480608731508255,0.0,0.0,0.0,0.0,0.0,0.0,0.0,0.0,0.0,0.0,0.0,0.0,0.0,1,1,1.0,0,0.0
development/scenario34/3611,scenario34,32,32,1,1,1.0,0.1382696032524109,0.12933674454689026,0.00893285870552063,0.06576400250196457,3.1412205696105957,0.5278785228729248,0.5079365079365079,0.0,0.0,0.0,0.0,1.0,1.0,0.006102004088461399,0.0033454596996307373,0.005103170871734619,0.0,0.6340934634208679,0.0,0.0,0.0,0.0,0.0,0.0,0.0,0.0,0.0,0.0,0.0,0.0,0.0,0,1,0.9333333333333332,0,-0.06666666666666676
development/scenario33/3010,scenario33,25,25,1,1,1.0,0.10210993140935898,0.09728364646434784,0.004826284945011139,0.031202569603919983,3.3938944339752197,0.4344896078109741,0.3968253968253968,0.0,0.0,0.0,0.0,1.0,1.0,0.008705786429345608,0.0022729337215423584,0.00840383768081665,0.0,0.9133726358413696,0.0,0.0,0.0,0.0,0.0,0.0,0.0,0.0,0.0,0.0,0.0,0.0,0.0,1,1,1.0,0,0.0
development/scenario33/4419,scenario33,19,19,1,1,1.0,0.05348037928342819,0.052325572818517685,0.0011548064649105072,0.005848769098520279,3.801833391189575,0.2503303289413452,0.30158730158730157,0.0,0.0,0.0,0.0,1.0,1.0,0.0029815922025591135,0.0029814839363098145,2.5391578674316406e-05,0.0,1.0356090068817139,0.0,0.0,0.0,0.0,0.0,0.0,0.0,0.0,0.0,0.0,0.0,0.0,0.0,1,1,1.0,0,0.0
development/scenario34/837,scenario34,30,28,0,0,0.6666666666666666,0.100234255194664,0.09428203850984573,0.005952216684818268,0.029250822961330414,3.356564521789551,0.42501604557037354,0.4444444444444444,0.0,0.0,0.0,0.0,1.0,1.0,0.010030572302639484,0.005965858697891235,0.008063554763793945,0.0,0.6765778064727783,0.0,0.0,0.0,0.0,0.0,0.0,0.0,0.0,0.0,0.0,0.0,0.0,0.0,1,1,1.0,1,0.33333333333333337
development/scenario33/3955,scenario33,12,11,0,1,0.8666666666666667,0.05951737239956856,0.05941110849380493,0.0001062639057636261,0.009748566895723343,3.758114814758301,0.28242504596710205,0.1746031746031746,0.0,0.0,0.0,0.0,1.0,1.0,0.004583967383950949,0.00440862774848938,0.0012556910514831543,0.0,0.993912398815155,0.0,0.0,0.0,0.0,0.0,0.0,0.0,0.0,0.0,0.0,0.0,0.0,0.0,0,1,0.8666666666666667,0,0.0
development/scenario32/1040,scenario32,24,27,0,0,0.4666666666666666,0.13008365035057068,0.12308850884437561,0.006995141506195068,0.057975418865680695,3.217740535736084,0.5109020471572876,0.42857142857142855,0.0,0.0,0.0,0.0,1.0,1.0,0.006693186704069376,0.003686964511871338,0.005586147308349609,0.0,0.9057196378707886,0.0,0.0,0.0,0.0,0.0,0.0,0.0,0.0,0.0,0.0,0.0,0.0,0.0,0,1,0.9333333333333332,0,0.4666666666666666
development/scenario32/1302,scenario32,36,33,0,1,0.7333333333333334,0.09493950754404068,0.08695653080940247,0.007982976734638214,0.010372869670391083,3.323284864425659,0.4379066228866577,0.5238095238095238,0.0,0.0,0.0,0.0,1.0,1.0,0.006118341349065304,0.006115138530731201,0.00019794702529907227,0.0,0.9091559052467346,0.0,0.0,0.0,0.0,0.0,0.0,0.0,0.0,0.0,0.0,0.0,0.0,0.0,1,1,1.0,1,0.2666666666666666
development/scenario32/1557,scenario32,5,5,1,1,1.0,0.05332051217556,0.05111437663435936,0.002206135541200638,0.011995319277048111,3.9269275665283203,0.2332957684993744,0.07936507936507936,0.0,0.0,0.0,0.0,1.0,1.0,0.01665361598134041,0.0166187584400177,0.0010769367218017578,0.0,1.0616039037704468,0.0,0.0,0.0,0.0,0.0,0.0,0.0,0.0,0.0,0.0,0.0,0.0,0.0,1,1,1.0,0,0.0
development/scenario34/3361,scenario34,35,36,0,1,0.8666666666666667,0.15628251433372498,0.1410919576883316,0.015190556645393372,0.08495766669511795,3.1311089992523193,0.5763740539550781,0.5714285714285714,0.0,0.0,0.0,0.0,1.0,1.0,0.0027341567911207676,0.0023478269577026367,0.0014011859893798828,0.0,0.5914968252182007,0.0,0.0,0.0,0.0,0.0,0.0,0.0,0.0,0.0,0.0,0.0,0.0,0.0,0,1,0.9333333333333332,0,0.06666666666666654
development/scenario32/1288,scenario32,38,37,0,1,0.8666666666666667,0.10467556118965149,0.09423597157001495,0.010439589619636536,0.042245056480169296,3.428753137588501,0.4174295663833618,0.5873015873015873,0.0,0.0,0.0,0.0,1.0,1.0,0.006556645035743713,0.006420910358428955,0.001327216625213623,0.0,0.8916948437690735,0.0,0.0,0.0,0.0,0.0,0.0,0.0,0.0,0.0,0.0,0.0,0.0,0.0,1,1,1.0,1,0.1333333333333333
development/scenario34/3202,scenario34,7,6,0,0,0.8000000000000002,0.03195811063051224,0.03144628554582596,0.0005118250846862793,0.0018167290836572647,3.9585349559783936,0.15516622364521027,0.09523809523809523,0.0,0.0,0.0,0.0,1.0,1.0,0.008259241469204426,0.0020100176334381104,0.008010923862457275,0.0,0.7403361201286316,0.0,0.0,0.0,0.0,0.0,0.0,0.0,0.0,0.0,0.0,0.0,0.0,0.0,1,1,1.0,1,0.19999999999999984
development/scenario32/3136,scenario32,8,10,0,0,0.6,0.05332484841346741,0.05295364558696747,0.00037120282649993896,0.008216992020606995,3.8499324321746826,0.251232773065567,0.15873015873015872,0.0,0.0,0.0,0.0,1.0,1.0,0.009711983613669872,0.009487360715866089,0.0020766854286193848,0.0,1.035048246383667,0.0,0.0,0.0,0.0,0.0,0.0,0.0,0.0,0.0,0.0,0.0,0.0,0.0,0,1,0.8666666666666667,0,0.2666666666666667
